{"format": "graph-model", "generatedBy": "2.3.1", "convertedBy": "TensorFlow.js Converter v2.4.0", "userDefinedMetadata": {"signature": {"inputs": {"mobilenetv2_1_00_224_input:0": {"name": "mobilenetv2_1_00_224_input:0", "dtype": "DT_FLOAT", "tensorShape": {"dim": [{"size": "-1"}, {"size": "224"}, {"size": "224"}, {"size": "3"}]}}}, "outputs": {"Identity:0": {"name": "Identity:0", "dtype": "DT_FLOAT", "tensorShape": {"dim": [{"size": "-1"}, {"size": "5"}]}}}}}, "modelTopology": {"node": [{"name": "StatefulPartitionedCall/sequential/mobilenetv2_1.00_224/Conv1_pad/Pad/paddings", "op": "Const", "attr": {"value": {"tensor": {"dtype": "DT_INT32", "tensorShape": {"dim": [{"size": "4"}, {"size": "2"}]}}}, "dtype": {"type": "DT_INT32"}}}, {"name": "StatefulPartitionedCall/sequential/mobilenetv2_1.00_224/block_1_pad/Pad/paddings", "op": "Const", "attr": {"value": {"tensor": {"dtype": "DT_INT32", "tensorShape": {"dim": [{"size": "4"}, {"size": "2"}]}}}, "dtype": {"type": "DT_INT32"}}}, {"name": "StatefulPartitionedCall/sequential/mobilenetv2_1.00_224/block_3_pad/Pad/paddings", "op": "Const", "attr": {"dtype": {"type": "DT_INT32"}, "value": {"tensor": {"dtype": "DT_INT32", "tensorShape": {"dim": [{"size": "4"}, {"size": "2"}]}}}}}, {"name": "StatefulPartitionedCall/sequential/mobilenetv2_1.00_224/block_6_pad/Pad/paddings", "op": "Const", "attr": {"value": {"tensor": {"dtype": "DT_INT32", "tensorShape": {"dim": [{"size": "4"}, {"size": "2"}]}}}, "dtype": {"type": "DT_INT32"}}}, {"name": "StatefulPartitionedCall/sequential/mobilenetv2_1.00_224/block_13_pad/Pad/paddings", "op": "Const", "attr": {"value": {"tensor": {"dtype": "DT_INT32", "tensorShape": {"dim": [{"size": "4"}, {"size": "2"}]}}}, "dtype": {"type": "DT_INT32"}}}, {"name": "unknown_259", "op": "Const", "attr": {"value": {"tensor": {"dtype": "DT_FLOAT", "tensorShape": {"dim": [{"size": "3"}, {"size": "3"}, {"size": "1280"}, {"size": "32"}]}}}, "dtype": {"type": "DT_FLOAT"}}}, {"name": "unknown_260", "op": "Const", "attr": {"value": {"tensor": {"dtype": "DT_FLOAT", "tensorShape": {"dim": [{"size": "32"}]}}}, "dtype": {"type": "DT_FLOAT"}}}, {"name": "StatefulPartitionedCall/sequential/global_average_pooling2d/Mean/reduction_indices", "op": "Const", "attr": {"value": {"tensor": {"dtype": "DT_INT32", "tensorShape": {"dim": [{"size": "2"}]}}}, "dtype": {"type": "DT_INT32"}}}, {"name": "unknown_261", "op": "Const", "attr": {"value": {"tensor": {"dtype": "DT_FLOAT", "tensorShape": {"dim": [{"size": "32"}, {"size": "5"}]}}}, "dtype": {"type": "DT_FLOAT"}}}, {"name": "unknown_262", "op": "Const", "attr": {"value": {"tensor": {"dtype": "DT_FLOAT", "tensorShape": {"dim": [{"size": "5"}]}}}, "dtype": {"type": "DT_FLOAT"}}}, {"name": "mobilenetv2_1_00_224_input", "op": "Placeholder", "attr": {"dtype": {"type": "DT_FLOAT"}, "shape": {"shape": {"dim": [{"size": "-1"}, {"size": "224"}, {"size": "224"}, {"size": "3"}]}}}}, {"name": "StatefulPartitionedCall/sequential/mobilenetv2_1.00_224/Conv1/Conv2D_weights", "op": "Const", "attr": {"value": {"tensor": {"dtype": "DT_FLOAT", "tensorShape": {"dim": [{"size": "3"}, {"size": "3"}, {"size": "3"}, {"size": "32"}]}}}, "dtype": {"type": "DT_FLOAT"}}}, {"name": "StatefulPartitionedCall/sequential/mobilenetv2_1.00_224/Conv1/Conv2D_bn_offset", "op": "Const", "attr": {"value": {"tensor": {"dtype": "DT_FLOAT", "tensorShape": {"dim": [{"size": "32"}]}}}, "dtype": {"type": "DT_FLOAT"}}}, {"name": "StatefulPartitionedCall/sequential/mobilenetv2_1.00_224/block_14_expand/Conv2D_bn_offset", "op": "Const", "attr": {"value": {"tensor": {"dtype": "DT_FLOAT", "tensorShape": {"dim": [{"size": "960"}]}}}, "dtype": {"type": "DT_FLOAT"}}}, {"name": "StatefulPartitionedCall/sequential/mobilenetv2_1.00_224/expanded_conv_depthwise/depthwise_weights", "op": "Const", "attr": {"value": {"tensor": {"dtype": "DT_FLOAT", "tensorShape": {"dim": [{"size": "3"}, {"size": "3"}, {"size": "32"}, {"size": "1"}]}}}, "dtype": {"type": "DT_FLOAT"}}}, {"name": "StatefulPartitionedCall/sequential/mobilenetv2_1.00_224/expanded_conv_depthwise/depthwise_bn_offset", "op": "Const", "attr": {"value": {"tensor": {"dtype": "DT_FLOAT", "tensorShape": {"dim": [{"size": "32"}]}}}, "dtype": {"type": "DT_FLOAT"}}}, {"name": "StatefulPartitionedCall/sequential/mobilenetv2_1.00_224/expanded_conv_project/Conv2D_weights", "op": "Const", "attr": {"value": {"tensor": {"dtype": "DT_FLOAT", "tensorShape": {"dim": [{"size": "1"}, {"size": "1"}, {"size": "32"}, {"size": "16"}]}}}, "dtype": {"type": "DT_FLOAT"}}}, {"name": "StatefulPartitionedCall/sequential/mobilenetv2_1.00_224/Conv_1/Conv2D_weights", "op": "Const", "attr": {"value": {"tensor": {"dtype": "DT_FLOAT", "tensorShape": {"dim": [{"size": "1"}, {"size": "1"}, {"size": "320"}, {"size": "1280"}]}}}, "dtype": {"type": "DT_FLOAT"}}}, {"name": "StatefulPartitionedCall/sequential/mobilenetv2_1.00_224/expanded_conv_project/Conv2D_bn_offset", "op": "Const", "attr": {"value": {"tensor": {"dtype": "DT_FLOAT", "tensorShape": {"dim": [{"size": "16"}]}}}, "dtype": {"type": "DT_FLOAT"}}}, {"name": "StatefulPartitionedCall/sequential/mobilenetv2_1.00_224/block_1_expand/Conv2D_weights", "op": "Const", "attr": {"value": {"tensor": {"dtype": "DT_FLOAT", "tensorShape": {"dim": [{"size": "1"}, {"size": "1"}, {"size": "16"}, {"size": "96"}]}}}, "dtype": {"type": "DT_FLOAT"}}}, {"name": "StatefulPartitionedCall/sequential/mobilenetv2_1.00_224/block_1_expand/Conv2D_bn_offset", "op": "Const", "attr": {"value": {"tensor": {"dtype": "DT_FLOAT", "tensorShape": {"dim": [{"size": "96"}]}}}, "dtype": {"type": "DT_FLOAT"}}}, {"name": "StatefulPartitionedCall/sequential/mobilenetv2_1.00_224/block_14_depthwise/depthwise_weights", "op": "Const", "attr": {"value": {"tensor": {"dtype": "DT_FLOAT", "tensorShape": {"dim": [{"size": "3"}, {"size": "3"}, {"size": "960"}, {"size": "1"}]}}}, "dtype": {"type": "DT_FLOAT"}}}, {"name": "StatefulPartitionedCall/sequential/mobilenetv2_1.00_224/block_1_depthwise/depthwise_weights", "op": "Const", "attr": {"value": {"tensor": {"dtype": "DT_FLOAT", "tensorShape": {"dim": [{"size": "3"}, {"size": "3"}, {"size": "96"}, {"size": "1"}]}}}, "dtype": {"type": "DT_FLOAT"}}}, {"name": "StatefulPartitionedCall/sequential/mobilenetv2_1.00_224/block_1_depthwise/depthwise_bn_offset", "op": "Const", "attr": {"value": {"tensor": {"dtype": "DT_FLOAT", "tensorShape": {"dim": [{"size": "96"}]}}}, "dtype": {"type": "DT_FLOAT"}}}, {"name": "StatefulPartitionedCall/sequential/mobilenetv2_1.00_224/block_1_project/Conv2D_weights", "op": "Const", "attr": {"value": {"tensor": {"dtype": "DT_FLOAT", "tensorShape": {"dim": [{"size": "1"}, {"size": "1"}, {"size": "96"}, {"size": "24"}]}}}, "dtype": {"type": "DT_FLOAT"}}}, {"name": "StatefulPartitionedCall/sequential/mobilenetv2_1.00_224/block_1_project/Conv2D_bn_offset", "op": "Const", "attr": {"value": {"tensor": {"dtype": "DT_FLOAT", "tensorShape": {"dim": [{"size": "24"}]}}}, "dtype": {"type": "DT_FLOAT"}}}, {"name": "StatefulPartitionedCall/sequential/mobilenetv2_1.00_224/block_2_expand/Conv2D_weights", "op": "Const", "attr": {"value": {"tensor": {"dtype": "DT_FLOAT", "tensorShape": {"dim": [{"size": "1"}, {"size": "1"}, {"size": "24"}, {"size": "144"}]}}}, "dtype": {"type": "DT_FLOAT"}}}, {"name": "StatefulPartitionedCall/sequential/mobilenetv2_1.00_224/block_14_depthwise/depthwise_bn_offset", "op": "Const", "attr": {"value": {"tensor": {"dtype": "DT_FLOAT", "tensorShape": {"dim": [{"size": "960"}]}}}, "dtype": {"type": "DT_FLOAT"}}}, {"name": "StatefulPartitionedCall/sequential/mobilenetv2_1.00_224/block_2_expand/Conv2D_bn_offset", "op": "Const", "attr": {"value": {"tensor": {"dtype": "DT_FLOAT", "tensorShape": {"dim": [{"size": "144"}]}}}, "dtype": {"type": "DT_FLOAT"}}}, {"name": "StatefulPartitionedCall/sequential/mobilenetv2_1.00_224/block_2_depthwise/depthwise_weights", "op": "Const", "attr": {"value": {"tensor": {"dtype": "DT_FLOAT", "tensorShape": {"dim": [{"size": "3"}, {"size": "3"}, {"size": "144"}, {"size": "1"}]}}}, "dtype": {"type": "DT_FLOAT"}}}, {"name": "StatefulPartitionedCall/sequential/mobilenetv2_1.00_224/block_2_depthwise/depthwise_bn_offset", "op": "Const", "attr": {"value": {"tensor": {"dtype": "DT_FLOAT", "tensorShape": {"dim": [{"size": "144"}]}}}, "dtype": {"type": "DT_FLOAT"}}}, {"name": "StatefulPartitionedCall/sequential/mobilenetv2_1.00_224/block_2_project/Conv2D_weights", "op": "Const", "attr": {"value": {"tensor": {"dtype": "DT_FLOAT", "tensorShape": {"dim": [{"size": "1"}, {"size": "1"}, {"size": "144"}, {"size": "24"}]}}}, "dtype": {"type": "DT_FLOAT"}}}, {"name": "StatefulPartitionedCall/sequential/mobilenetv2_1.00_224/block_2_project/Conv2D_bn_offset", "op": "Const", "attr": {"value": {"tensor": {"dtype": "DT_FLOAT", "tensorShape": {"dim": [{"size": "24"}]}}}, "dtype": {"type": "DT_FLOAT"}}}, {"name": "StatefulPartitionedCall/sequential/mobilenetv2_1.00_224/block_3_expand/Conv2D_weights", "op": "Const", "attr": {"dtype": {"type": "DT_FLOAT"}, "value": {"tensor": {"dtype": "DT_FLOAT", "tensorShape": {"dim": [{"size": "1"}, {"size": "1"}, {"size": "24"}, {"size": "144"}]}}}}}, {"name": "StatefulPartitionedCall/sequential/mobilenetv2_1.00_224/block_14_project/Conv2D_weights", "op": "Const", "attr": {"value": {"tensor": {"dtype": "DT_FLOAT", "tensorShape": {"dim": [{"size": "1"}, {"size": "1"}, {"size": "960"}, {"size": "160"}]}}}, "dtype": {"type": "DT_FLOAT"}}}, {"name": "StatefulPartitionedCall/sequential/mobilenetv2_1.00_224/block_3_expand/Conv2D_bn_offset", "op": "Const", "attr": {"value": {"tensor": {"dtype": "DT_FLOAT", "tensorShape": {"dim": [{"size": "144"}]}}}, "dtype": {"type": "DT_FLOAT"}}}, {"name": "StatefulPartitionedCall/sequential/mobilenetv2_1.00_224/block_3_depthwise/depthwise_weights", "op": "Const", "attr": {"value": {"tensor": {"dtype": "DT_FLOAT", "tensorShape": {"dim": [{"size": "3"}, {"size": "3"}, {"size": "144"}, {"size": "1"}]}}}, "dtype": {"type": "DT_FLOAT"}}}, {"name": "StatefulPartitionedCall/sequential/mobilenetv2_1.00_224/block_3_depthwise/depthwise_bn_offset", "op": "Const", "attr": {"value": {"tensor": {"dtype": "DT_FLOAT", "tensorShape": {"dim": [{"size": "144"}]}}}, "dtype": {"type": "DT_FLOAT"}}}, {"name": "StatefulPartitionedCall/sequential/mobilenetv2_1.00_224/block_3_project/Conv2D_weights", "op": "Const", "attr": {"dtype": {"type": "DT_FLOAT"}, "value": {"tensor": {"dtype": "DT_FLOAT", "tensorShape": {"dim": [{"size": "1"}, {"size": "1"}, {"size": "144"}, {"size": "32"}]}}}}}, {"name": "StatefulPartitionedCall/sequential/mobilenetv2_1.00_224/block_14_project/Conv2D_bn_offset", "op": "Const", "attr": {"value": {"tensor": {"dtype": "DT_FLOAT", "tensorShape": {"dim": [{"size": "160"}]}}}, "dtype": {"type": "DT_FLOAT"}}}, {"name": "StatefulPartitionedCall/sequential/mobilenetv2_1.00_224/block_3_project/Conv2D_bn_offset", "op": "Const", "attr": {"value": {"tensor": {"dtype": "DT_FLOAT", "tensorShape": {"dim": [{"size": "32"}]}}}, "dtype": {"type": "DT_FLOAT"}}}, {"name": "StatefulPartitionedCall/sequential/mobilenetv2_1.00_224/block_4_expand/Conv2D_weights", "op": "Const", "attr": {"value": {"tensor": {"dtype": "DT_FLOAT", "tensorShape": {"dim": [{"size": "1"}, {"size": "1"}, {"size": "32"}, {"size": "192"}]}}}, "dtype": {"type": "DT_FLOAT"}}}, {"name": "StatefulPartitionedCall/sequential/mobilenetv2_1.00_224/block_4_expand/Conv2D_bn_offset", "op": "Const", "attr": {"value": {"tensor": {"dtype": "DT_FLOAT", "tensorShape": {"dim": [{"size": "192"}]}}}, "dtype": {"type": "DT_FLOAT"}}}, {"name": "StatefulPartitionedCall/sequential/mobilenetv2_1.00_224/block_4_depthwise/depthwise_weights", "op": "Const", "attr": {"dtype": {"type": "DT_FLOAT"}, "value": {"tensor": {"dtype": "DT_FLOAT", "tensorShape": {"dim": [{"size": "3"}, {"size": "3"}, {"size": "192"}, {"size": "1"}]}}}}}, {"name": "StatefulPartitionedCall/sequential/mobilenetv2_1.00_224/block_4_depthwise/depthwise_bn_offset", "op": "Const", "attr": {"dtype": {"type": "DT_FLOAT"}, "value": {"tensor": {"dtype": "DT_FLOAT", "tensorShape": {"dim": [{"size": "192"}]}}}}}, {"name": "StatefulPartitionedCall/sequential/mobilenetv2_1.00_224/block_4_project/Conv2D_weights", "op": "Const", "attr": {"value": {"tensor": {"dtype": "DT_FLOAT", "tensorShape": {"dim": [{"size": "1"}, {"size": "1"}, {"size": "192"}, {"size": "32"}]}}}, "dtype": {"type": "DT_FLOAT"}}}, {"name": "StatefulPartitionedCall/sequential/mobilenetv2_1.00_224/block_15_expand/Conv2D_weights", "op": "Const", "attr": {"value": {"tensor": {"dtype": "DT_FLOAT", "tensorShape": {"dim": [{"size": "1"}, {"size": "1"}, {"size": "160"}, {"size": "960"}]}}}, "dtype": {"type": "DT_FLOAT"}}}, {"name": "StatefulPartitionedCall/sequential/mobilenetv2_1.00_224/block_4_project/Conv2D_bn_offset", "op": "Const", "attr": {"value": {"tensor": {"dtype": "DT_FLOAT", "tensorShape": {"dim": [{"size": "32"}]}}}, "dtype": {"type": "DT_FLOAT"}}}, {"name": "StatefulPartitionedCall/sequential/mobilenetv2_1.00_224/block_5_expand/Conv2D_weights", "op": "Const", "attr": {"dtype": {"type": "DT_FLOAT"}, "value": {"tensor": {"dtype": "DT_FLOAT", "tensorShape": {"dim": [{"size": "1"}, {"size": "1"}, {"size": "32"}, {"size": "192"}]}}}}}, {"name": "StatefulPartitionedCall/sequential/mobilenetv2_1.00_224/Conv_1/Conv2D_bn_offset", "op": "Const", "attr": {"value": {"tensor": {"dtype": "DT_FLOAT", "tensorShape": {"dim": [{"size": "1280"}]}}}, "dtype": {"type": "DT_FLOAT"}}}, {"name": "StatefulPartitionedCall/sequential/mobilenetv2_1.00_224/block_5_expand/Conv2D_bn_offset", "op": "Const", "attr": {"value": {"tensor": {"dtype": "DT_FLOAT", "tensorShape": {"dim": [{"size": "192"}]}}}, "dtype": {"type": "DT_FLOAT"}}}, {"name": "StatefulPartitionedCall/sequential/mobilenetv2_1.00_224/block_15_expand/Conv2D_bn_offset", "op": "Const", "attr": {"value": {"tensor": {"dtype": "DT_FLOAT", "tensorShape": {"dim": [{"size": "960"}]}}}, "dtype": {"type": "DT_FLOAT"}}}, {"name": "StatefulPartitionedCall/sequential/mobilenetv2_1.00_224/block_5_depthwise/depthwise_weights", "op": "Const", "attr": {"value": {"tensor": {"dtype": "DT_FLOAT", "tensorShape": {"dim": [{"size": "3"}, {"size": "3"}, {"size": "192"}, {"size": "1"}]}}}, "dtype": {"type": "DT_FLOAT"}}}, {"name": "StatefulPartitionedCall/sequential/mobilenetv2_1.00_224/block_5_depthwise/depthwise_bn_offset", "op": "Const", "attr": {"value": {"tensor": {"dtype": "DT_FLOAT", "tensorShape": {"dim": [{"size": "192"}]}}}, "dtype": {"type": "DT_FLOAT"}}}, {"name": "StatefulPartitionedCall/sequential/mobilenetv2_1.00_224/block_5_project/Conv2D_weights", "op": "Const", "attr": {"value": {"tensor": {"dtype": "DT_FLOAT", "tensorShape": {"dim": [{"size": "1"}, {"size": "1"}, {"size": "192"}, {"size": "32"}]}}}, "dtype": {"type": "DT_FLOAT"}}}, {"name": "StatefulPartitionedCall/sequential/mobilenetv2_1.00_224/block_5_project/Conv2D_bn_offset", "op": "Const", "attr": {"value": {"tensor": {"dtype": "DT_FLOAT", "tensorShape": {"dim": [{"size": "32"}]}}}, "dtype": {"type": "DT_FLOAT"}}}, {"name": "StatefulPartitionedCall/sequential/mobilenetv2_1.00_224/block_6_expand/Conv2D_weights", "op": "Const", "attr": {"value": {"tensor": {"dtype": "DT_FLOAT", "tensorShape": {"dim": [{"size": "1"}, {"size": "1"}, {"size": "32"}, {"size": "192"}]}}}, "dtype": {"type": "DT_FLOAT"}}}, {"name": "StatefulPartitionedCall/sequential/mobilenetv2_1.00_224/block_6_expand/Conv2D_bn_offset", "op": "Const", "attr": {"dtype": {"type": "DT_FLOAT"}, "value": {"tensor": {"dtype": "DT_FLOAT", "tensorShape": {"dim": [{"size": "192"}]}}}}}, {"name": "StatefulPartitionedCall/sequential/mobilenetv2_1.00_224/block_15_depthwise/depthwise_weights", "op": "Const", "attr": {"value": {"tensor": {"dtype": "DT_FLOAT", "tensorShape": {"dim": [{"size": "3"}, {"size": "3"}, {"size": "960"}, {"size": "1"}]}}}, "dtype": {"type": "DT_FLOAT"}}}, {"name": "StatefulPartitionedCall/sequential/mobilenetv2_1.00_224/block_6_depthwise/depthwise_weights", "op": "Const", "attr": {"value": {"tensor": {"dtype": "DT_FLOAT", "tensorShape": {"dim": [{"size": "3"}, {"size": "3"}, {"size": "192"}, {"size": "1"}]}}}, "dtype": {"type": "DT_FLOAT"}}}, {"name": "StatefulPartitionedCall/sequential/mobilenetv2_1.00_224/block_6_depthwise/depthwise_bn_offset", "op": "Const", "attr": {"value": {"tensor": {"dtype": "DT_FLOAT", "tensorShape": {"dim": [{"size": "192"}]}}}, "dtype": {"type": "DT_FLOAT"}}}, {"name": "StatefulPartitionedCall/sequential/mobilenetv2_1.00_224/block_6_project/Conv2D_weights", "op": "Const", "attr": {"value": {"tensor": {"dtype": "DT_FLOAT", "tensorShape": {"dim": [{"size": "1"}, {"size": "1"}, {"size": "192"}, {"size": "64"}]}}}, "dtype": {"type": "DT_FLOAT"}}}, {"name": "StatefulPartitionedCall/sequential/mobilenetv2_1.00_224/block_6_project/Conv2D_bn_offset", "op": "Const", "attr": {"value": {"tensor": {"dtype": "DT_FLOAT", "tensorShape": {"dim": [{"size": "64"}]}}}, "dtype": {"type": "DT_FLOAT"}}}, {"name": "StatefulPartitionedCall/sequential/mobilenetv2_1.00_224/block_7_expand/Conv2D_weights", "op": "Const", "attr": {"value": {"tensor": {"dtype": "DT_FLOAT", "tensorShape": {"dim": [{"size": "1"}, {"size": "1"}, {"size": "64"}, {"size": "384"}]}}}, "dtype": {"type": "DT_FLOAT"}}}, {"name": "StatefulPartitionedCall/sequential/mobilenetv2_1.00_224/block_15_depthwise/depthwise_bn_offset", "op": "Const", "attr": {"value": {"tensor": {"dtype": "DT_FLOAT", "tensorShape": {"dim": [{"size": "960"}]}}}, "dtype": {"type": "DT_FLOAT"}}}, {"name": "StatefulPartitionedCall/sequential/mobilenetv2_1.00_224/block_7_expand/Conv2D_bn_offset", "op": "Const", "attr": {"value": {"tensor": {"dtype": "DT_FLOAT", "tensorShape": {"dim": [{"size": "384"}]}}}, "dtype": {"type": "DT_FLOAT"}}}, {"name": "StatefulPartitionedCall/sequential/mobilenetv2_1.00_224/block_7_depthwise/depthwise_weights", "op": "Const", "attr": {"value": {"tensor": {"dtype": "DT_FLOAT", "tensorShape": {"dim": [{"size": "3"}, {"size": "3"}, {"size": "384"}, {"size": "1"}]}}}, "dtype": {"type": "DT_FLOAT"}}}, {"name": "StatefulPartitionedCall/sequential/mobilenetv2_1.00_224/block_7_depthwise/depthwise_bn_offset", "op": "Const", "attr": {"value": {"tensor": {"dtype": "DT_FLOAT", "tensorShape": {"dim": [{"size": "384"}]}}}, "dtype": {"type": "DT_FLOAT"}}}, {"name": "StatefulPartitionedCall/sequential/mobilenetv2_1.00_224/block_7_project/Conv2D_weights", "op": "Const", "attr": {"value": {"tensor": {"dtype": "DT_FLOAT", "tensorShape": {"dim": [{"size": "1"}, {"size": "1"}, {"size": "384"}, {"size": "64"}]}}}, "dtype": {"type": "DT_FLOAT"}}}, {"name": "StatefulPartitionedCall/sequential/mobilenetv2_1.00_224/block_7_project/Conv2D_bn_offset", "op": "Const", "attr": {"value": {"tensor": {"dtype": "DT_FLOAT", "tensorShape": {"dim": [{"size": "64"}]}}}, "dtype": {"type": "DT_FLOAT"}}}, {"name": "StatefulPartitionedCall/sequential/mobilenetv2_1.00_224/block_8_expand/Conv2D_weights", "op": "Const", "attr": {"value": {"tensor": {"dtype": "DT_FLOAT", "tensorShape": {"dim": [{"size": "1"}, {"size": "1"}, {"size": "64"}, {"size": "384"}]}}}, "dtype": {"type": "DT_FLOAT"}}}, {"name": "StatefulPartitionedCall/sequential/mobilenetv2_1.00_224/block_15_project/Conv2D_weights", "op": "Const", "attr": {"value": {"tensor": {"dtype": "DT_FLOAT", "tensorShape": {"dim": [{"size": "1"}, {"size": "1"}, {"size": "960"}, {"size": "160"}]}}}, "dtype": {"type": "DT_FLOAT"}}}, {"name": "StatefulPartitionedCall/sequential/mobilenetv2_1.00_224/block_8_expand/Conv2D_bn_offset", "op": "Const", "attr": {"value": {"tensor": {"dtype": "DT_FLOAT", "tensorShape": {"dim": [{"size": "384"}]}}}, "dtype": {"type": "DT_FLOAT"}}}, {"name": "StatefulPartitionedCall/sequential/mobilenetv2_1.00_224/block_8_depthwise/depthwise_weights", "op": "Const", "attr": {"value": {"tensor": {"dtype": "DT_FLOAT", "tensorShape": {"dim": [{"size": "3"}, {"size": "3"}, {"size": "384"}, {"size": "1"}]}}}, "dtype": {"type": "DT_FLOAT"}}}, {"name": "StatefulPartitionedCall/sequential/mobilenetv2_1.00_224/block_8_depthwise/depthwise_bn_offset", "op": "Const", "attr": {"value": {"tensor": {"dtype": "DT_FLOAT", "tensorShape": {"dim": [{"size": "384"}]}}}, "dtype": {"type": "DT_FLOAT"}}}, {"name": "StatefulPartitionedCall/sequential/mobilenetv2_1.00_224/block_8_project/Conv2D_weights", "op": "Const", "attr": {"value": {"tensor": {"dtype": "DT_FLOAT", "tensorShape": {"dim": [{"size": "1"}, {"size": "1"}, {"size": "384"}, {"size": "64"}]}}}, "dtype": {"type": "DT_FLOAT"}}}, {"name": "StatefulPartitionedCall/sequential/mobilenetv2_1.00_224/block_15_project/Conv2D_bn_offset", "op": "Const", "attr": {"value": {"tensor": {"dtype": "DT_FLOAT", "tensorShape": {"dim": [{"size": "160"}]}}}, "dtype": {"type": "DT_FLOAT"}}}, {"name": "StatefulPartitionedCall/sequential/mobilenetv2_1.00_224/block_8_project/Conv2D_bn_offset", "op": "Const", "attr": {"value": {"tensor": {"dtype": "DT_FLOAT", "tensorShape": {"dim": [{"size": "64"}]}}}, "dtype": {"type": "DT_FLOAT"}}}, {"name": "StatefulPartitionedCall/sequential/mobilenetv2_1.00_224/block_9_expand/Conv2D_weights", "op": "Const", "attr": {"value": {"tensor": {"dtype": "DT_FLOAT", "tensorShape": {"dim": [{"size": "1"}, {"size": "1"}, {"size": "64"}, {"size": "384"}]}}}, "dtype": {"type": "DT_FLOAT"}}}, {"name": "StatefulPartitionedCall/sequential/mobilenetv2_1.00_224/block_9_expand/Conv2D_bn_offset", "op": "Const", "attr": {"value": {"tensor": {"dtype": "DT_FLOAT", "tensorShape": {"dim": [{"size": "384"}]}}}, "dtype": {"type": "DT_FLOAT"}}}, {"name": "StatefulPartitionedCall/sequential/mobilenetv2_1.00_224/block_9_depthwise/depthwise_weights", "op": "Const", "attr": {"value": {"tensor": {"dtype": "DT_FLOAT", "tensorShape": {"dim": [{"size": "3"}, {"size": "3"}, {"size": "384"}, {"size": "1"}]}}}, "dtype": {"type": "DT_FLOAT"}}}, {"name": "StatefulPartitionedCall/sequential/mobilenetv2_1.00_224/block_9_depthwise/depthwise_bn_offset", "op": "Const", "attr": {"value": {"tensor": {"dtype": "DT_FLOAT", "tensorShape": {"dim": [{"size": "384"}]}}}, "dtype": {"type": "DT_FLOAT"}}}, {"name": "StatefulPartitionedCall/sequential/mobilenetv2_1.00_224/block_9_project/Conv2D_weights", "op": "Const", "attr": {"value": {"tensor": {"dtype": "DT_FLOAT", "tensorShape": {"dim": [{"size": "1"}, {"size": "1"}, {"size": "384"}, {"size": "64"}]}}}, "dtype": {"type": "DT_FLOAT"}}}, {"name": "StatefulPartitionedCall/sequential/mobilenetv2_1.00_224/block_16_expand/Conv2D_weights", "op": "Const", "attr": {"value": {"tensor": {"dtype": "DT_FLOAT", "tensorShape": {"dim": [{"size": "1"}, {"size": "1"}, {"size": "160"}, {"size": "960"}]}}}, "dtype": {"type": "DT_FLOAT"}}}, {"name": "StatefulPartitionedCall/sequential/mobilenetv2_1.00_224/block_9_project/Conv2D_bn_offset", "op": "Const", "attr": {"value": {"tensor": {"dtype": "DT_FLOAT", "tensorShape": {"dim": [{"size": "64"}]}}}, "dtype": {"type": "DT_FLOAT"}}}, {"name": "StatefulPartitionedCall/sequential/mobilenetv2_1.00_224/block_10_expand/Conv2D_weights", "op": "Const", "attr": {"value": {"tensor": {"dtype": "DT_FLOAT", "tensorShape": {"dim": [{"size": "1"}, {"size": "1"}, {"size": "64"}, {"size": "384"}]}}}, "dtype": {"type": "DT_FLOAT"}}}, {"name": "StatefulPartitionedCall/sequential/mobilenetv2_1.00_224/block_10_expand/Conv2D_bn_offset", "op": "Const", "attr": {"dtype": {"type": "DT_FLOAT"}, "value": {"tensor": {"dtype": "DT_FLOAT", "tensorShape": {"dim": [{"size": "384"}]}}}}}, {"name": "StatefulPartitionedCall/sequential/mobilenetv2_1.00_224/block_16_expand/Conv2D_bn_offset", "op": "Const", "attr": {"value": {"tensor": {"dtype": "DT_FLOAT", "tensorShape": {"dim": [{"size": "960"}]}}}, "dtype": {"type": "DT_FLOAT"}}}, {"name": "StatefulPartitionedCall/sequential/mobilenetv2_1.00_224/block_10_depthwise/depthwise_weights", "op": "Const", "attr": {"value": {"tensor": {"dtype": "DT_FLOAT", "tensorShape": {"dim": [{"size": "3"}, {"size": "3"}, {"size": "384"}, {"size": "1"}]}}}, "dtype": {"type": "DT_FLOAT"}}}, {"name": "StatefulPartitionedCall/sequential/mobilenetv2_1.00_224/block_10_depthwise/depthwise_bn_offset", "op": "Const", "attr": {"value": {"tensor": {"dtype": "DT_FLOAT", "tensorShape": {"dim": [{"size": "384"}]}}}, "dtype": {"type": "DT_FLOAT"}}}, {"name": "StatefulPartitionedCall/sequential/mobilenetv2_1.00_224/block_10_project/Conv2D_weights", "op": "Const", "attr": {"value": {"tensor": {"dtype": "DT_FLOAT", "tensorShape": {"dim": [{"size": "1"}, {"size": "1"}, {"size": "384"}, {"size": "96"}]}}}, "dtype": {"type": "DT_FLOAT"}}}, {"name": "StatefulPartitionedCall/sequential/mobilenetv2_1.00_224/block_10_project/Conv2D_bn_offset", "op": "Const", "attr": {"value": {"tensor": {"dtype": "DT_FLOAT", "tensorShape": {"dim": [{"size": "96"}]}}}, "dtype": {"type": "DT_FLOAT"}}}, {"name": "StatefulPartitionedCall/sequential/mobilenetv2_1.00_224/block_11_expand/Conv2D_weights", "op": "Const", "attr": {"value": {"tensor": {"dtype": "DT_FLOAT", "tensorShape": {"dim": [{"size": "1"}, {"size": "1"}, {"size": "96"}, {"size": "576"}]}}}, "dtype": {"type": "DT_FLOAT"}}}, {"name": "StatefulPartitionedCall/sequential/mobilenetv2_1.00_224/block_11_expand/Conv2D_bn_offset", "op": "Const", "attr": {"value": {"tensor": {"dtype": "DT_FLOAT", "tensorShape": {"dim": [{"size": "576"}]}}}, "dtype": {"type": "DT_FLOAT"}}}, {"name": "StatefulPartitionedCall/sequential/mobilenetv2_1.00_224/block_16_depthwise/depthwise_weights", "op": "Const", "attr": {"value": {"tensor": {"dtype": "DT_FLOAT", "tensorShape": {"dim": [{"size": "3"}, {"size": "3"}, {"size": "960"}, {"size": "1"}]}}}, "dtype": {"type": "DT_FLOAT"}}}, {"name": "StatefulPartitionedCall/sequential/mobilenetv2_1.00_224/block_11_depthwise/depthwise_weights", "op": "Const", "attr": {"value": {"tensor": {"dtype": "DT_FLOAT", "tensorShape": {"dim": [{"size": "3"}, {"size": "3"}, {"size": "576"}, {"size": "1"}]}}}, "dtype": {"type": "DT_FLOAT"}}}, {"name": "StatefulPartitionedCall/sequential/mobilenetv2_1.00_224/block_11_depthwise/depthwise_bn_offset", "op": "Const", "attr": {"value": {"tensor": {"dtype": "DT_FLOAT", "tensorShape": {"dim": [{"size": "576"}]}}}, "dtype": {"type": "DT_FLOAT"}}}, {"name": "StatefulPartitionedCall/sequential/mobilenetv2_1.00_224/block_11_project/Conv2D_weights", "op": "Const", "attr": {"value": {"tensor": {"dtype": "DT_FLOAT", "tensorShape": {"dim": [{"size": "1"}, {"size": "1"}, {"size": "576"}, {"size": "96"}]}}}, "dtype": {"type": "DT_FLOAT"}}}, {"name": "StatefulPartitionedCall/sequential/mobilenetv2_1.00_224/block_11_project/Conv2D_bn_offset", "op": "Const", "attr": {"value": {"tensor": {"dtype": "DT_FLOAT", "tensorShape": {"dim": [{"size": "96"}]}}}, "dtype": {"type": "DT_FLOAT"}}}, {"name": "StatefulPartitionedCall/sequential/mobilenetv2_1.00_224/block_12_expand/Conv2D_weights", "op": "Const", "attr": {"value": {"tensor": {"dtype": "DT_FLOAT", "tensorShape": {"dim": [{"size": "1"}, {"size": "1"}, {"size": "96"}, {"size": "576"}]}}}, "dtype": {"type": "DT_FLOAT"}}}, {"name": "StatefulPartitionedCall/sequential/mobilenetv2_1.00_224/block_16_depthwise/depthwise_bn_offset", "op": "Const", "attr": {"value": {"tensor": {"dtype": "DT_FLOAT", "tensorShape": {"dim": [{"size": "960"}]}}}, "dtype": {"type": "DT_FLOAT"}}}, {"name": "StatefulPartitionedCall/sequential/mobilenetv2_1.00_224/block_12_expand/Conv2D_bn_offset", "op": "Const", "attr": {"value": {"tensor": {"dtype": "DT_FLOAT", "tensorShape": {"dim": [{"size": "576"}]}}}, "dtype": {"type": "DT_FLOAT"}}}, {"name": "StatefulPartitionedCall/sequential/mobilenetv2_1.00_224/block_12_depthwise/depthwise_weights", "op": "Const", "attr": {"value": {"tensor": {"dtype": "DT_FLOAT", "tensorShape": {"dim": [{"size": "3"}, {"size": "3"}, {"size": "576"}, {"size": "1"}]}}}, "dtype": {"type": "DT_FLOAT"}}}, {"name": "StatefulPartitionedCall/sequential/mobilenetv2_1.00_224/block_12_depthwise/depthwise_bn_offset", "op": "Const", "attr": {"value": {"tensor": {"dtype": "DT_FLOAT", "tensorShape": {"dim": [{"size": "576"}]}}}, "dtype": {"type": "DT_FLOAT"}}}, {"name": "StatefulPartitionedCall/sequential/mobilenetv2_1.00_224/block_12_project/Conv2D_weights", "op": "Const", "attr": {"value": {"tensor": {"dtype": "DT_FLOAT", "tensorShape": {"dim": [{"size": "1"}, {"size": "1"}, {"size": "576"}, {"size": "96"}]}}}, "dtype": {"type": "DT_FLOAT"}}}, {"name": "StatefulPartitionedCall/sequential/mobilenetv2_1.00_224/block_12_project/Conv2D_bn_offset", "op": "Const", "attr": {"value": {"tensor": {"dtype": "DT_FLOAT", "tensorShape": {"dim": [{"size": "96"}]}}}, "dtype": {"type": "DT_FLOAT"}}}, {"name": "StatefulPartitionedCall/sequential/mobilenetv2_1.00_224/block_13_expand/Conv2D_weights", "op": "Const", "attr": {"value": {"tensor": {"dtype": "DT_FLOAT", "tensorShape": {"dim": [{"size": "1"}, {"size": "1"}, {"size": "96"}, {"size": "576"}]}}}, "dtype": {"type": "DT_FLOAT"}}}, {"name": "StatefulPartitionedCall/sequential/mobilenetv2_1.00_224/block_16_project/Conv2D_weights", "op": "Const", "attr": {"value": {"tensor": {"dtype": "DT_FLOAT", "tensorShape": {"dim": [{"size": "1"}, {"size": "1"}, {"size": "960"}, {"size": "320"}]}}}, "dtype": {"type": "DT_FLOAT"}}}, {"name": "StatefulPartitionedCall/sequential/mobilenetv2_1.00_224/block_13_expand/Conv2D_bn_offset", "op": "Const", "attr": {"value": {"tensor": {"dtype": "DT_FLOAT", "tensorShape": {"dim": [{"size": "576"}]}}}, "dtype": {"type": "DT_FLOAT"}}}, {"name": "StatefulPartitionedCall/sequential/mobilenetv2_1.00_224/block_13_depthwise/depthwise_weights", "op": "Const", "attr": {"dtype": {"type": "DT_FLOAT"}, "value": {"tensor": {"dtype": "DT_FLOAT", "tensorShape": {"dim": [{"size": "3"}, {"size": "3"}, {"size": "576"}, {"size": "1"}]}}}}}, {"name": "StatefulPartitionedCall/sequential/mobilenetv2_1.00_224/block_13_depthwise/depthwise_bn_offset", "op": "Const", "attr": {"dtype": {"type": "DT_FLOAT"}, "value": {"tensor": {"dtype": "DT_FLOAT", "tensorShape": {"dim": [{"size": "576"}]}}}}}, {"name": "StatefulPartitionedCall/sequential/mobilenetv2_1.00_224/block_13_project/Conv2D_weights", "op": "Const", "attr": {"value": {"tensor": {"dtype": "DT_FLOAT", "tensorShape": {"dim": [{"size": "1"}, {"size": "1"}, {"size": "576"}, {"size": "160"}]}}}, "dtype": {"type": "DT_FLOAT"}}}, {"name": "StatefulPartitionedCall/sequential/mobilenetv2_1.00_224/block_16_project/Conv2D_bn_offset", "op": "Const", "attr": {"value": {"tensor": {"dtype": "DT_FLOAT", "tensorShape": {"dim": [{"size": "320"}]}}}, "dtype": {"type": "DT_FLOAT"}}}, {"name": "StatefulPartitionedCall/sequential/mobilenetv2_1.00_224/block_13_project/Conv2D_bn_offset", "op": "Const", "attr": {"value": {"tensor": {"dtype": "DT_FLOAT", "tensorShape": {"dim": [{"size": "160"}]}}}, "dtype": {"type": "DT_FLOAT"}}}, {"name": "StatefulPartitionedCall/sequential/mobilenetv2_1.00_224/block_14_expand/Conv2D_weights", "op": "Const", "attr": {"value": {"tensor": {"dtype": "DT_FLOAT", "tensorShape": {"dim": [{"size": "1"}, {"size": "1"}, {"size": "160"}, {"size": "960"}]}}}, "dtype": {"type": "DT_FLOAT"}}}, {"name": "StatefulPartitionedCall/sequential/mobilenetv2_1.00_224/Conv1_pad/Pad", "op": "Pad", "input": ["mobilenetv2_1_00_224_input", "StatefulPartitionedCall/sequential/mobilenetv2_1.00_224/Conv1_pad/Pad/paddings"], "attr": {"T": {"type": "DT_FLOAT"}, "Tpaddings": {"type": "DT_INT32"}}}, {"name": "StatefulPartitionedCall/sequential/mobilenetv2_1.00_224/Conv1_relu/Relu6", "op": "_FusedConv2D", "input": ["StatefulPartitionedCall/sequential/mobilenetv2_1.00_224/Conv1_pad/Pad", "StatefulPartitionedCall/sequential/mobilenetv2_1.00_224/Conv1/Conv2D_weights", "StatefulPartitionedCall/sequential/mobilenetv2_1.00_224/Conv1/Conv2D_bn_offset"], "device": "/device:CPU:0", "attr": {"dilations": {"list": {"i": ["1", "1", "1", "1"]}}, "T": {"type": "DT_FLOAT"}, "strides": {"list": {"i": ["1", "2", "2", "1"]}}, "data_format": {"s": "TkhXQw=="}, "explicit_paddings": {"list": {}}, "use_cudnn_on_gpu": {"b": true}, "num_args": {"i": "1"}, "epsilon": {"f": 0.0}, "padding": {"s": "VkFMSUQ="}, "fused_ops": {"list": {"s": ["Qmlhc0FkZA==", "UmVsdTY="]}}}}, {"name": "StatefulPartitionedCall/sequential/mobilenetv2_1.00_224/expanded_conv_depthwise/depthwise", "op": "FusedDepthwiseConv2dNative", "input": ["StatefulPartitionedCall/sequential/mobilenetv2_1.00_224/Conv1_relu/Relu6", "StatefulPartitionedCall/sequential/mobilenetv2_1.00_224/expanded_conv_depthwise/depthwise_weights", "StatefulPartitionedCall/sequential/mobilenetv2_1.00_224/expanded_conv_depthwise/depthwise_bn_offset"], "attr": {"fused_ops": {"list": {"s": ["Qmlhc0FkZA==", "UmVsdTY="]}}, "dilations": {"list": {"i": ["1", "1", "1", "1"]}}, "T": {"type": "DT_FLOAT"}, "data_format": {"s": "TkhXQw=="}, "strides": {"list": {"i": ["1", "1", "1", "1"]}}, "explicit_paddings": {"list": {}}, "num_args": {"i": "1"}, "padding": {"s": "U0FNRQ=="}}}, {"name": "StatefulPartitionedCall/sequential/mobilenetv2_1.00_224/expanded_conv_project_BN/FusedBatchNormV3", "op": "_FusedConv2D", "input": ["StatefulPartitionedCall/sequential/mobilenetv2_1.00_224/expanded_conv_depthwise/depthwise", "StatefulPartitionedCall/sequential/mobilenetv2_1.00_224/expanded_conv_project/Conv2D_weights", "StatefulPartitionedCall/sequential/mobilenetv2_1.00_224/expanded_conv_project/Conv2D_bn_offset"], "device": "/device:CPU:0", "attr": {"dilations": {"list": {"i": ["1", "1", "1", "1"]}}, "T": {"type": "DT_FLOAT"}, "data_format": {"s": "TkhXQw=="}, "strides": {"list": {"i": ["1", "1", "1", "1"]}}, "use_cudnn_on_gpu": {"b": true}, "explicit_paddings": {"list": {}}, "num_args": {"i": "1"}, "epsilon": {"f": 0.0}, "padding": {"s": "U0FNRQ=="}, "fused_ops": {"list": {"s": ["Qmlhc0FkZA=="]}}}}, {"name": "StatefulPartitionedCall/sequential/mobilenetv2_1.00_224/block_1_expand_relu/Relu6", "op": "_FusedConv2D", "input": ["StatefulPartitionedCall/sequential/mobilenetv2_1.00_224/expanded_conv_project_BN/FusedBatchNormV3", "StatefulPartitionedCall/sequential/mobilenetv2_1.00_224/block_1_expand/Conv2D_weights", "StatefulPartitionedCall/sequential/mobilenetv2_1.00_224/block_1_expand/Conv2D_bn_offset"], "device": "/device:CPU:0", "attr": {"epsilon": {"f": 0.0}, "padding": {"s": "U0FNRQ=="}, "fused_ops": {"list": {"s": ["Qmlhc0FkZA==", "UmVsdTY="]}}, "dilations": {"list": {"i": ["1", "1", "1", "1"]}}, "T": {"type": "DT_FLOAT"}, "strides": {"list": {"i": ["1", "1", "1", "1"]}}, "data_format": {"s": "TkhXQw=="}, "use_cudnn_on_gpu": {"b": true}, "explicit_paddings": {"list": {}}, "num_args": {"i": "1"}}}, {"name": "StatefulPartitionedCall/sequential/mobilenetv2_1.00_224/block_1_pad/Pad", "op": "Pad", "input": ["StatefulPartitionedCall/sequential/mobilenetv2_1.00_224/block_1_expand_relu/Relu6", "StatefulPartitionedCall/sequential/mobilenetv2_1.00_224/block_1_pad/Pad/paddings"], "attr": {"Tpaddings": {"type": "DT_INT32"}, "T": {"type": "DT_FLOAT"}}}, {"name": "StatefulPartitionedCall/sequential/mobilenetv2_1.00_224/block_1_depthwise/depthwise", "op": "FusedDepthwiseConv2dNative", "input": ["StatefulPartitionedCall/sequential/mobilenetv2_1.00_224/block_1_pad/Pad", "StatefulPartitionedCall/sequential/mobilenetv2_1.00_224/block_1_depthwise/depthwise_weights", "StatefulPartitionedCall/sequential/mobilenetv2_1.00_224/block_1_depthwise/depthwise_bn_offset"], "attr": {"strides": {"list": {"i": ["1", "2", "2", "1"]}}, "data_format": {"s": "TkhXQw=="}, "explicit_paddings": {"list": {}}, "num_args": {"i": "1"}, "padding": {"s": "VkFMSUQ="}, "fused_ops": {"list": {"s": ["Qmlhc0FkZA==", "UmVsdTY="]}}, "dilations": {"list": {"i": ["1", "1", "1", "1"]}}, "T": {"type": "DT_FLOAT"}}}, {"name": "StatefulPartitionedCall/sequential/mobilenetv2_1.00_224/block_1_project_BN/FusedBatchNormV3", "op": "_FusedConv2D", "input": ["StatefulPartitionedCall/sequential/mobilenetv2_1.00_224/block_1_depthwise/depthwise", "StatefulPartitionedCall/sequential/mobilenetv2_1.00_224/block_1_project/Conv2D_weights", "StatefulPartitionedCall/sequential/mobilenetv2_1.00_224/block_1_project/Conv2D_bn_offset"], "device": "/device:CPU:0", "attr": {"dilations": {"list": {"i": ["1", "1", "1", "1"]}}, "T": {"type": "DT_FLOAT"}, "data_format": {"s": "TkhXQw=="}, "strides": {"list": {"i": ["1", "1", "1", "1"]}}, "use_cudnn_on_gpu": {"b": true}, "explicit_paddings": {"list": {}}, "num_args": {"i": "1"}, "epsilon": {"f": 0.0}, "padding": {"s": "U0FNRQ=="}, "fused_ops": {"list": {"s": ["Qmlhc0FkZA=="]}}}}, {"name": "StatefulPartitionedCall/sequential/mobilenetv2_1.00_224/block_2_expand_relu/Relu6", "op": "_FusedConv2D", "input": ["StatefulPartitionedCall/sequential/mobilenetv2_1.00_224/block_1_project_BN/FusedBatchNormV3", "StatefulPartitionedCall/sequential/mobilenetv2_1.00_224/block_2_expand/Conv2D_weights", "StatefulPartitionedCall/sequential/mobilenetv2_1.00_224/block_2_expand/Conv2D_bn_offset"], "device": "/device:CPU:0", "attr": {"dilations": {"list": {"i": ["1", "1", "1", "1"]}}, "T": {"type": "DT_FLOAT"}, "strides": {"list": {"i": ["1", "1", "1", "1"]}}, "data_format": {"s": "TkhXQw=="}, "explicit_paddings": {"list": {}}, "use_cudnn_on_gpu": {"b": true}, "num_args": {"i": "1"}, "epsilon": {"f": 0.0}, "padding": {"s": "U0FNRQ=="}, "fused_ops": {"list": {"s": ["Qmlhc0FkZA==", "UmVsdTY="]}}}}, {"name": "StatefulPartitionedCall/sequential/mobilenetv2_1.00_224/block_2_depthwise/depthwise", "op": "FusedDepthwiseConv2dNative", "input": ["StatefulPartitionedCall/sequential/mobilenetv2_1.00_224/block_2_expand_relu/Relu6", "StatefulPartitionedCall/sequential/mobilenetv2_1.00_224/block_2_depthwise/depthwise_weights", "StatefulPartitionedCall/sequential/mobilenetv2_1.00_224/block_2_depthwise/depthwise_bn_offset"], "attr": {"padding": {"s": "U0FNRQ=="}, "fused_ops": {"list": {"s": ["Qmlhc0FkZA==", "UmVsdTY="]}}, "dilations": {"list": {"i": ["1", "1", "1", "1"]}}, "T": {"type": "DT_FLOAT"}, "data_format": {"s": "TkhXQw=="}, "strides": {"list": {"i": ["1", "1", "1", "1"]}}, "explicit_paddings": {"list": {}}, "num_args": {"i": "1"}}}, {"name": "StatefulPartitionedCall/sequential/mobilenetv2_1.00_224/block_2_project_BN/FusedBatchNormV3", "op": "_FusedConv2D", "input": ["StatefulPartitionedCall/sequential/mobilenetv2_1.00_224/block_2_depthwise/depthwise", "StatefulPartitionedCall/sequential/mobilenetv2_1.00_224/block_2_project/Conv2D_weights", "StatefulPartitionedCall/sequential/mobilenetv2_1.00_224/block_2_project/Conv2D_bn_offset"], "device": "/device:CPU:0", "attr": {"num_args": {"i": "1"}, "epsilon": {"f": 0.0}, "padding": {"s": "U0FNRQ=="}, "fused_ops": {"list": {"s": ["Qmlhc0FkZA=="]}}, "dilations": {"list": {"i": ["1", "1", "1", "1"]}}, "T": {"type": "DT_FLOAT"}, "strides": {"list": {"i": ["1", "1", "1", "1"]}}, "data_format": {"s": "TkhXQw=="}, "use_cudnn_on_gpu": {"b": true}, "explicit_paddings": {"list": {}}}}, {"name": "StatefulPartitionedCall/sequential/mobilenetv2_1.00_224/block_2_add/add", "op": "AddV2", "input": ["StatefulPartitionedCall/sequential/mobilenetv2_1.00_224/block_1_project_BN/FusedBatchNormV3", "StatefulPartitionedCall/sequential/mobilenetv2_1.00_224/block_2_project_BN/FusedBatchNormV3"], "attr": {"T": {"type": "DT_FLOAT"}}}, {"name": "StatefulPartitionedCall/sequential/mobilenetv2_1.00_224/block_3_expand_relu/Relu6", "op": "_FusedConv2D", "input": ["StatefulPartitionedCall/sequential/mobilenetv2_1.00_224/block_2_add/add", "StatefulPartitionedCall/sequential/mobilenetv2_1.00_224/block_3_expand/Conv2D_weights", "StatefulPartitionedCall/sequential/mobilenetv2_1.00_224/block_3_expand/Conv2D_bn_offset"], "device": "/device:CPU:0", "attr": {"dilations": {"list": {"i": ["1", "1", "1", "1"]}}, "T": {"type": "DT_FLOAT"}, "data_format": {"s": "TkhXQw=="}, "strides": {"list": {"i": ["1", "1", "1", "1"]}}, "use_cudnn_on_gpu": {"b": true}, "explicit_paddings": {"list": {}}, "num_args": {"i": "1"}, "epsilon": {"f": 0.0}, "padding": {"s": "U0FNRQ=="}, "fused_ops": {"list": {"s": ["Qmlhc0FkZA==", "UmVsdTY="]}}}}, {"name": "StatefulPartitionedCall/sequential/mobilenetv2_1.00_224/block_3_pad/Pad", "op": "Pad", "input": ["StatefulPartitionedCall/sequential/mobilenetv2_1.00_224/block_3_expand_relu/Relu6", "StatefulPartitionedCall/sequential/mobilenetv2_1.00_224/block_3_pad/Pad/paddings"], "attr": {"T": {"type": "DT_FLOAT"}, "Tpaddings": {"type": "DT_INT32"}}}, {"name": "StatefulPartitionedCall/sequential/mobilenetv2_1.00_224/block_3_depthwise/depthwise", "op": "FusedDepthwiseConv2dNative", "input": ["StatefulPartitionedCall/sequential/mobilenetv2_1.00_224/block_3_pad/Pad", "StatefulPartitionedCall/sequential/mobilenetv2_1.00_224/block_3_depthwise/depthwise_weights", "StatefulPartitionedCall/sequential/mobilenetv2_1.00_224/block_3_depthwise/depthwise_bn_offset"], "attr": {"padding": {"s": "VkFMSUQ="}, "fused_ops": {"list": {"s": ["Qmlhc0FkZA==", "UmVsdTY="]}}, "dilations": {"list": {"i": ["1", "1", "1", "1"]}}, "T": {"type": "DT_FLOAT"}, "strides": {"list": {"i": ["1", "2", "2", "1"]}}, "data_format": {"s": "TkhXQw=="}, "explicit_paddings": {"list": {}}, "num_args": {"i": "1"}}}, {"name": "StatefulPartitionedCall/sequential/mobilenetv2_1.00_224/block_3_project_BN/FusedBatchNormV3", "op": "_FusedConv2D", "input": ["StatefulPartitionedCall/sequential/mobilenetv2_1.00_224/block_3_depthwise/depthwise", "StatefulPartitionedCall/sequential/mobilenetv2_1.00_224/block_3_project/Conv2D_weights", "StatefulPartitionedCall/sequential/mobilenetv2_1.00_224/block_3_project/Conv2D_bn_offset"], "device": "/device:CPU:0", "attr": {"dilations": {"list": {"i": ["1", "1", "1", "1"]}}, "T": {"type": "DT_FLOAT"}, "strides": {"list": {"i": ["1", "1", "1", "1"]}}, "data_format": {"s": "TkhXQw=="}, "explicit_paddings": {"list": {}}, "use_cudnn_on_gpu": {"b": true}, "num_args": {"i": "1"}, "epsilon": {"f": 0.0}, "padding": {"s": "U0FNRQ=="}, "fused_ops": {"list": {"s": ["Qmlhc0FkZA=="]}}}}, {"name": "StatefulPartitionedCall/sequential/mobilenetv2_1.00_224/block_4_expand_relu/Relu6", "op": "_FusedConv2D", "input": ["StatefulPartitionedCall/sequential/mobilenetv2_1.00_224/block_3_project_BN/FusedBatchNormV3", "StatefulPartitionedCall/sequential/mobilenetv2_1.00_224/block_4_expand/Conv2D_weights", "StatefulPartitionedCall/sequential/mobilenetv2_1.00_224/block_4_expand/Conv2D_bn_offset"], "device": "/device:CPU:0", "attr": {"dilations": {"list": {"i": ["1", "1", "1", "1"]}}, "T": {"type": "DT_FLOAT"}, "data_format": {"s": "TkhXQw=="}, "strides": {"list": {"i": ["1", "1", "1", "1"]}}, "use_cudnn_on_gpu": {"b": true}, "explicit_paddings": {"list": {}}, "num_args": {"i": "1"}, "epsilon": {"f": 0.0}, "padding": {"s": "U0FNRQ=="}, "fused_ops": {"list": {"s": ["Qmlhc0FkZA==", "UmVsdTY="]}}}}, {"name": "StatefulPartitionedCall/sequential/mobilenetv2_1.00_224/block_4_depthwise/depthwise", "op": "FusedDepthwiseConv2dNative", "input": ["StatefulPartitionedCall/sequential/mobilenetv2_1.00_224/block_4_expand_relu/Relu6", "StatefulPartitionedCall/sequential/mobilenetv2_1.00_224/block_4_depthwise/depthwise_weights", "StatefulPartitionedCall/sequential/mobilenetv2_1.00_224/block_4_depthwise/depthwise_bn_offset"], "attr": {"dilations": {"list": {"i": ["1", "1", "1", "1"]}}, "T": {"type": "DT_FLOAT"}, "strides": {"list": {"i": ["1", "1", "1", "1"]}}, "data_format": {"s": "TkhXQw=="}, "explicit_paddings": {"list": {}}, "num_args": {"i": "1"}, "padding": {"s": "U0FNRQ=="}, "fused_ops": {"list": {"s": ["Qmlhc0FkZA==", "UmVsdTY="]}}}}, {"name": "StatefulPartitionedCall/sequential/mobilenetv2_1.00_224/block_4_project_BN/FusedBatchNormV3", "op": "_FusedConv2D", "input": ["StatefulPartitionedCall/sequential/mobilenetv2_1.00_224/block_4_depthwise/depthwise", "StatefulPartitionedCall/sequential/mobilenetv2_1.00_224/block_4_project/Conv2D_weights", "StatefulPartitionedCall/sequential/mobilenetv2_1.00_224/block_4_project/Conv2D_bn_offset"], "device": "/device:CPU:0", "attr": {"epsilon": {"f": 0.0}, "padding": {"s": "U0FNRQ=="}, "fused_ops": {"list": {"s": ["Qmlhc0FkZA=="]}}, "dilations": {"list": {"i": ["1", "1", "1", "1"]}}, "T": {"type": "DT_FLOAT"}, "strides": {"list": {"i": ["1", "1", "1", "1"]}}, "data_format": {"s": "TkhXQw=="}, "use_cudnn_on_gpu": {"b": true}, "explicit_paddings": {"list": {}}, "num_args": {"i": "1"}}}, {"name": "StatefulPartitionedCall/sequential/mobilenetv2_1.00_224/block_4_add/add", "op": "AddV2", "input": ["StatefulPartitionedCall/sequential/mobilenetv2_1.00_224/block_3_project_BN/FusedBatchNormV3", "StatefulPartitionedCall/sequential/mobilenetv2_1.00_224/block_4_project_BN/FusedBatchNormV3"], "attr": {"T": {"type": "DT_FLOAT"}}}, {"name": "StatefulPartitionedCall/sequential/mobilenetv2_1.00_224/block_5_expand_relu/Relu6", "op": "_FusedConv2D", "input": ["StatefulPartitionedCall/sequential/mobilenetv2_1.00_224/block_4_add/add", "StatefulPartitionedCall/sequential/mobilenetv2_1.00_224/block_5_expand/Conv2D_weights", "StatefulPartitionedCall/sequential/mobilenetv2_1.00_224/block_5_expand/Conv2D_bn_offset"], "device": "/device:CPU:0", "attr": {"fused_ops": {"list": {"s": ["Qmlhc0FkZA==", "UmVsdTY="]}}, "dilations": {"list": {"i": ["1", "1", "1", "1"]}}, "T": {"type": "DT_FLOAT"}, "strides": {"list": {"i": ["1", "1", "1", "1"]}}, "data_format": {"s": "TkhXQw=="}, "explicit_paddings": {"list": {}}, "use_cudnn_on_gpu": {"b": true}, "num_args": {"i": "1"}, "epsilon": {"f": 0.0}, "padding": {"s": "U0FNRQ=="}}}, {"name": "StatefulPartitionedCall/sequential/mobilenetv2_1.00_224/block_5_depthwise/depthwise", "op": "FusedDepthwiseConv2dNative", "input": ["StatefulPartitionedCall/sequential/mobilenetv2_1.00_224/block_5_expand_relu/Relu6", "StatefulPartitionedCall/sequential/mobilenetv2_1.00_224/block_5_depthwise/depthwise_weights", "StatefulPartitionedCall/sequential/mobilenetv2_1.00_224/block_5_depthwise/depthwise_bn_offset"], "attr": {"fused_ops": {"list": {"s": ["Qmlhc0FkZA==", "UmVsdTY="]}}, "dilations": {"list": {"i": ["1", "1", "1", "1"]}}, "T": {"type": "DT_FLOAT"}, "strides": {"list": {"i": ["1", "1", "1", "1"]}}, "data_format": {"s": "TkhXQw=="}, "explicit_paddings": {"list": {}}, "num_args": {"i": "1"}, "padding": {"s": "U0FNRQ=="}}}, {"name": "StatefulPartitionedCall/sequential/mobilenetv2_1.00_224/block_5_project_BN/FusedBatchNormV3", "op": "_FusedConv2D", "input": ["StatefulPartitionedCall/sequential/mobilenetv2_1.00_224/block_5_depthwise/depthwise", "StatefulPartitionedCall/sequential/mobilenetv2_1.00_224/block_5_project/Conv2D_weights", "StatefulPartitionedCall/sequential/mobilenetv2_1.00_224/block_5_project/Conv2D_bn_offset"], "device": "/device:CPU:0", "attr": {"dilations": {"list": {"i": ["1", "1", "1", "1"]}}, "T": {"type": "DT_FLOAT"}, "strides": {"list": {"i": ["1", "1", "1", "1"]}}, "data_format": {"s": "TkhXQw=="}, "use_cudnn_on_gpu": {"b": true}, "explicit_paddings": {"list": {}}, "num_args": {"i": "1"}, "epsilon": {"f": 0.0}, "padding": {"s": "U0FNRQ=="}, "fused_ops": {"list": {"s": ["Qmlhc0FkZA=="]}}}}, {"name": "StatefulPartitionedCall/sequential/mobilenetv2_1.00_224/block_5_add/add", "op": "AddV2", "input": ["StatefulPartitionedCall/sequential/mobilenetv2_1.00_224/block_4_add/add", "StatefulPartitionedCall/sequential/mobilenetv2_1.00_224/block_5_project_BN/FusedBatchNormV3"], "attr": {"T": {"type": "DT_FLOAT"}}}, {"name": "StatefulPartitionedCall/sequential/mobilenetv2_1.00_224/block_6_expand_relu/Relu6", "op": "_FusedConv2D", "input": ["StatefulPartitionedCall/sequential/mobilenetv2_1.00_224/block_5_add/add", "StatefulPartitionedCall/sequential/mobilenetv2_1.00_224/block_6_expand/Conv2D_weights", "StatefulPartitionedCall/sequential/mobilenetv2_1.00_224/block_6_expand/Conv2D_bn_offset"], "device": "/device:CPU:0", "attr": {"strides": {"list": {"i": ["1", "1", "1", "1"]}}, "data_format": {"s": "TkhXQw=="}, "explicit_paddings": {"list": {}}, "use_cudnn_on_gpu": {"b": true}, "num_args": {"i": "1"}, "epsilon": {"f": 0.0}, "padding": {"s": "U0FNRQ=="}, "fused_ops": {"list": {"s": ["Qmlhc0FkZA==", "UmVsdTY="]}}, "dilations": {"list": {"i": ["1", "1", "1", "1"]}}, "T": {"type": "DT_FLOAT"}}}, {"name": "StatefulPartitionedCall/sequential/mobilenetv2_1.00_224/block_6_pad/Pad", "op": "Pad", "input": ["StatefulPartitionedCall/sequential/mobilenetv2_1.00_224/block_6_expand_relu/Relu6", "StatefulPartitionedCall/sequential/mobilenetv2_1.00_224/block_6_pad/Pad/paddings"], "attr": {"T": {"type": "DT_FLOAT"}, "Tpaddings": {"type": "DT_INT32"}}}, {"name": "StatefulPartitionedCall/sequential/mobilenetv2_1.00_224/block_6_depthwise/depthwise", "op": "FusedDepthwiseConv2dNative", "input": ["StatefulPartitionedCall/sequential/mobilenetv2_1.00_224/block_6_pad/Pad", "StatefulPartitionedCall/sequential/mobilenetv2_1.00_224/block_6_depthwise/depthwise_weights", "StatefulPartitionedCall/sequential/mobilenetv2_1.00_224/block_6_depthwise/depthwise_bn_offset"], "attr": {"dilations": {"list": {"i": ["1", "1", "1", "1"]}}, "T": {"type": "DT_FLOAT"}, "data_format": {"s": "TkhXQw=="}, "strides": {"list": {"i": ["1", "2", "2", "1"]}}, "explicit_paddings": {"list": {}}, "num_args": {"i": "1"}, "padding": {"s": "VkFMSUQ="}, "fused_ops": {"list": {"s": ["Qmlhc0FkZA==", "UmVsdTY="]}}}}, {"name": "StatefulPartitionedCall/sequential/mobilenetv2_1.00_224/block_6_project_BN/FusedBatchNormV3", "op": "_FusedConv2D", "input": ["StatefulPartitionedCall/sequential/mobilenetv2_1.00_224/block_6_depthwise/depthwise", "StatefulPartitionedCall/sequential/mobilenetv2_1.00_224/block_6_project/Conv2D_weights", "StatefulPartitionedCall/sequential/mobilenetv2_1.00_224/block_6_project/Conv2D_bn_offset"], "device": "/device:CPU:0", "attr": {"data_format": {"s": "TkhXQw=="}, "strides": {"list": {"i": ["1", "1", "1", "1"]}}, "use_cudnn_on_gpu": {"b": true}, "explicit_paddings": {"list": {}}, "num_args": {"i": "1"}, "epsilon": {"f": 0.0}, "padding": {"s": "U0FNRQ=="}, "fused_ops": {"list": {"s": ["Qmlhc0FkZA=="]}}, "dilations": {"list": {"i": ["1", "1", "1", "1"]}}, "T": {"type": "DT_FLOAT"}}}, {"name": "StatefulPartitionedCall/sequential/mobilenetv2_1.00_224/block_7_expand_relu/Relu6", "op": "_FusedConv2D", "input": ["StatefulPartitionedCall/sequential/mobilenetv2_1.00_224/block_6_project_BN/FusedBatchNormV3", "StatefulPartitionedCall/sequential/mobilenetv2_1.00_224/block_7_expand/Conv2D_weights", "StatefulPartitionedCall/sequential/mobilenetv2_1.00_224/block_7_expand/Conv2D_bn_offset"], "device": "/device:CPU:0", "attr": {"dilations": {"list": {"i": ["1", "1", "1", "1"]}}, "T": {"type": "DT_FLOAT"}, "data_format": {"s": "TkhXQw=="}, "strides": {"list": {"i": ["1", "1", "1", "1"]}}, "use_cudnn_on_gpu": {"b": true}, "explicit_paddings": {"list": {}}, "num_args": {"i": "1"}, "epsilon": {"f": 0.0}, "padding": {"s": "U0FNRQ=="}, "fused_ops": {"list": {"s": ["Qmlhc0FkZA==", "UmVsdTY="]}}}}, {"name": "StatefulPartitionedCall/sequential/mobilenetv2_1.00_224/block_7_depthwise/depthwise", "op": "FusedDepthwiseConv2dNative", "input": ["StatefulPartitionedCall/sequential/mobilenetv2_1.00_224/block_7_expand_relu/Relu6", "StatefulPartitionedCall/sequential/mobilenetv2_1.00_224/block_7_depthwise/depthwise_weights", "StatefulPartitionedCall/sequential/mobilenetv2_1.00_224/block_7_depthwise/depthwise_bn_offset"], "attr": {"data_format": {"s": "TkhXQw=="}, "strides": {"list": {"i": ["1", "1", "1", "1"]}}, "explicit_paddings": {"list": {}}, "num_args": {"i": "1"}, "padding": {"s": "U0FNRQ=="}, "fused_ops": {"list": {"s": ["Qmlhc0FkZA==", "UmVsdTY="]}}, "dilations": {"list": {"i": ["1", "1", "1", "1"]}}, "T": {"type": "DT_FLOAT"}}}, {"name": "StatefulPartitionedCall/sequential/mobilenetv2_1.00_224/block_7_project_BN/FusedBatchNormV3", "op": "_FusedConv2D", "input": ["StatefulPartitionedCall/sequential/mobilenetv2_1.00_224/block_7_depthwise/depthwise", "StatefulPartitionedCall/sequential/mobilenetv2_1.00_224/block_7_project/Conv2D_weights", "StatefulPartitionedCall/sequential/mobilenetv2_1.00_224/block_7_project/Conv2D_bn_offset"], "device": "/device:CPU:0", "attr": {"dilations": {"list": {"i": ["1", "1", "1", "1"]}}, "T": {"type": "DT_FLOAT"}, "data_format": {"s": "TkhXQw=="}, "strides": {"list": {"i": ["1", "1", "1", "1"]}}, "use_cudnn_on_gpu": {"b": true}, "explicit_paddings": {"list": {}}, "num_args": {"i": "1"}, "epsilon": {"f": 0.0}, "padding": {"s": "U0FNRQ=="}, "fused_ops": {"list": {"s": ["Qmlhc0FkZA=="]}}}}, {"name": "StatefulPartitionedCall/sequential/mobilenetv2_1.00_224/block_7_add/add", "op": "AddV2", "input": ["StatefulPartitionedCall/sequential/mobilenetv2_1.00_224/block_6_project_BN/FusedBatchNormV3", "StatefulPartitionedCall/sequential/mobilenetv2_1.00_224/block_7_project_BN/FusedBatchNormV3"], "attr": {"T": {"type": "DT_FLOAT"}}}, {"name": "StatefulPartitionedCall/sequential/mobilenetv2_1.00_224/block_8_expand_relu/Relu6", "op": "_FusedConv2D", "input": ["StatefulPartitionedCall/sequential/mobilenetv2_1.00_224/block_7_add/add", "StatefulPartitionedCall/sequential/mobilenetv2_1.00_224/block_8_expand/Conv2D_weights", "StatefulPartitionedCall/sequential/mobilenetv2_1.00_224/block_8_expand/Conv2D_bn_offset"], "device": "/device:CPU:0", "attr": {"dilations": {"list": {"i": ["1", "1", "1", "1"]}}, "T": {"type": "DT_FLOAT"}, "data_format": {"s": "TkhXQw=="}, "strides": {"list": {"i": ["1", "1", "1", "1"]}}, "use_cudnn_on_gpu": {"b": true}, "explicit_paddings": {"list": {}}, "num_args": {"i": "1"}, "epsilon": {"f": 0.0}, "padding": {"s": "U0FNRQ=="}, "fused_ops": {"list": {"s": ["Qmlhc0FkZA==", "UmVsdTY="]}}}}, {"name": "StatefulPartitionedCall/sequential/mobilenetv2_1.00_224/block_8_depthwise/depthwise", "op": "FusedDepthwiseConv2dNative", "input": ["StatefulPartitionedCall/sequential/mobilenetv2_1.00_224/block_8_expand_relu/Relu6", "StatefulPartitionedCall/sequential/mobilenetv2_1.00_224/block_8_depthwise/depthwise_weights", "StatefulPartitionedCall/sequential/mobilenetv2_1.00_224/block_8_depthwise/depthwise_bn_offset"], "attr": {"padding": {"s": "U0FNRQ=="}, "fused_ops": {"list": {"s": ["Qmlhc0FkZA==", "UmVsdTY="]}}, "dilations": {"list": {"i": ["1", "1", "1", "1"]}}, "T": {"type": "DT_FLOAT"}, "data_format": {"s": "TkhXQw=="}, "strides": {"list": {"i": ["1", "1", "1", "1"]}}, "explicit_paddings": {"list": {}}, "num_args": {"i": "1"}}}, {"name": "StatefulPartitionedCall/sequential/mobilenetv2_1.00_224/block_8_project_BN/FusedBatchNormV3", "op": "_FusedConv2D", "input": ["StatefulPartitionedCall/sequential/mobilenetv2_1.00_224/block_8_depthwise/depthwise", "StatefulPartitionedCall/sequential/mobilenetv2_1.00_224/block_8_project/Conv2D_weights", "StatefulPartitionedCall/sequential/mobilenetv2_1.00_224/block_8_project/Conv2D_bn_offset"], "device": "/device:CPU:0", "attr": {"T": {"type": "DT_FLOAT"}, "data_format": {"s": "TkhXQw=="}, "strides": {"list": {"i": ["1", "1", "1", "1"]}}, "use_cudnn_on_gpu": {"b": true}, "explicit_paddings": {"list": {}}, "num_args": {"i": "1"}, "epsilon": {"f": 0.0}, "padding": {"s": "U0FNRQ=="}, "fused_ops": {"list": {"s": ["Qmlhc0FkZA=="]}}, "dilations": {"list": {"i": ["1", "1", "1", "1"]}}}}, {"name": "StatefulPartitionedCall/sequential/mobilenetv2_1.00_224/block_8_add/add", "op": "AddV2", "input": ["StatefulPartitionedCall/sequential/mobilenetv2_1.00_224/block_7_add/add", "StatefulPartitionedCall/sequential/mobilenetv2_1.00_224/block_8_project_BN/FusedBatchNormV3"], "attr": {"T": {"type": "DT_FLOAT"}}}, {"name": "StatefulPartitionedCall/sequential/mobilenetv2_1.00_224/block_9_expand_relu/Relu6", "op": "_FusedConv2D", "input": ["StatefulPartitionedCall/sequential/mobilenetv2_1.00_224/block_8_add/add", "StatefulPartitionedCall/sequential/mobilenetv2_1.00_224/block_9_expand/Conv2D_weights", "StatefulPartitionedCall/sequential/mobilenetv2_1.00_224/block_9_expand/Conv2D_bn_offset"], "device": "/device:CPU:0", "attr": {"use_cudnn_on_gpu": {"b": true}, "explicit_paddings": {"list": {}}, "num_args": {"i": "1"}, "epsilon": {"f": 0.0}, "padding": {"s": "U0FNRQ=="}, "fused_ops": {"list": {"s": ["Qmlhc0FkZA==", "UmVsdTY="]}}, "dilations": {"list": {"i": ["1", "1", "1", "1"]}}, "T": {"type": "DT_FLOAT"}, "data_format": {"s": "TkhXQw=="}, "strides": {"list": {"i": ["1", "1", "1", "1"]}}}}, {"name": "StatefulPartitionedCall/sequential/mobilenetv2_1.00_224/block_9_depthwise/depthwise", "op": "FusedDepthwiseConv2dNative", "input": ["StatefulPartitionedCall/sequential/mobilenetv2_1.00_224/block_9_expand_relu/Relu6", "StatefulPartitionedCall/sequential/mobilenetv2_1.00_224/block_9_depthwise/depthwise_weights", "StatefulPartitionedCall/sequential/mobilenetv2_1.00_224/block_9_depthwise/depthwise_bn_offset"], "attr": {"fused_ops": {"list": {"s": ["Qmlhc0FkZA==", "UmVsdTY="]}}, "dilations": {"list": {"i": ["1", "1", "1", "1"]}}, "T": {"type": "DT_FLOAT"}, "data_format": {"s": "TkhXQw=="}, "strides": {"list": {"i": ["1", "1", "1", "1"]}}, "explicit_paddings": {"list": {}}, "num_args": {"i": "1"}, "padding": {"s": "U0FNRQ=="}}}, {"name": "StatefulPartitionedCall/sequential/mobilenetv2_1.00_224/block_9_project_BN/FusedBatchNormV3", "op": "_FusedConv2D", "input": ["StatefulPartitionedCall/sequential/mobilenetv2_1.00_224/block_9_depthwise/depthwise", "StatefulPartitionedCall/sequential/mobilenetv2_1.00_224/block_9_project/Conv2D_weights", "StatefulPartitionedCall/sequential/mobilenetv2_1.00_224/block_9_project/Conv2D_bn_offset"], "device": "/device:CPU:0", "attr": {"padding": {"s": "U0FNRQ=="}, "fused_ops": {"list": {"s": ["Qmlhc0FkZA=="]}}, "dilations": {"list": {"i": ["1", "1", "1", "1"]}}, "T": {"type": "DT_FLOAT"}, "data_format": {"s": "TkhXQw=="}, "strides": {"list": {"i": ["1", "1", "1", "1"]}}, "explicit_paddings": {"list": {}}, "use_cudnn_on_gpu": {"b": true}, "num_args": {"i": "1"}, "epsilon": {"f": 0.0}}}, {"name": "StatefulPartitionedCall/sequential/mobilenetv2_1.00_224/block_9_add/add", "op": "AddV2", "input": ["StatefulPartitionedCall/sequential/mobilenetv2_1.00_224/block_8_add/add", "StatefulPartitionedCall/sequential/mobilenetv2_1.00_224/block_9_project_BN/FusedBatchNormV3"], "attr": {"T": {"type": "DT_FLOAT"}}}, {"name": "StatefulPartitionedCall/sequential/mobilenetv2_1.00_224/block_10_expand_relu/Relu6", "op": "_FusedConv2D", "input": ["StatefulPartitionedCall/sequential/mobilenetv2_1.00_224/block_9_add/add", "StatefulPartitionedCall/sequential/mobilenetv2_1.00_224/block_10_expand/Conv2D_weights", "StatefulPartitionedCall/sequential/mobilenetv2_1.00_224/block_10_expand/Conv2D_bn_offset"], "device": "/device:CPU:0", "attr": {"T": {"type": "DT_FLOAT"}, "strides": {"list": {"i": ["1", "1", "1", "1"]}}, "data_format": {"s": "TkhXQw=="}, "use_cudnn_on_gpu": {"b": true}, "explicit_paddings": {"list": {}}, "num_args": {"i": "1"}, "epsilon": {"f": 0.0}, "padding": {"s": "U0FNRQ=="}, "fused_ops": {"list": {"s": ["Qmlhc0FkZA==", "UmVsdTY="]}}, "dilations": {"list": {"i": ["1", "1", "1", "1"]}}}}, {"name": "StatefulPartitionedCall/sequential/mobilenetv2_1.00_224/block_10_depthwise/depthwise", "op": "FusedDepthwiseConv2dNative", "input": ["StatefulPartitionedCall/sequential/mobilenetv2_1.00_224/block_10_expand_relu/Relu6", "StatefulPartitionedCall/sequential/mobilenetv2_1.00_224/block_10_depthwise/depthwise_weights", "StatefulPartitionedCall/sequential/mobilenetv2_1.00_224/block_10_depthwise/depthwise_bn_offset"], "attr": {"fused_ops": {"list": {"s": ["Qmlhc0FkZA==", "UmVsdTY="]}}, "dilations": {"list": {"i": ["1", "1", "1", "1"]}}, "T": {"type": "DT_FLOAT"}, "strides": {"list": {"i": ["1", "1", "1", "1"]}}, "data_format": {"s": "TkhXQw=="}, "explicit_paddings": {"list": {}}, "num_args": {"i": "1"}, "padding": {"s": "U0FNRQ=="}}}, {"name": "StatefulPartitionedCall/sequential/mobilenetv2_1.00_224/block_10_project_BN/FusedBatchNormV3", "op": "_FusedConv2D", "input": ["StatefulPartitionedCall/sequential/mobilenetv2_1.00_224/block_10_depthwise/depthwise", "StatefulPartitionedCall/sequential/mobilenetv2_1.00_224/block_10_project/Conv2D_weights", "StatefulPartitionedCall/sequential/mobilenetv2_1.00_224/block_10_project/Conv2D_bn_offset"], "device": "/device:CPU:0", "attr": {"data_format": {"s": "TkhXQw=="}, "strides": {"list": {"i": ["1", "1", "1", "1"]}}, "use_cudnn_on_gpu": {"b": true}, "explicit_paddings": {"list": {}}, "num_args": {"i": "1"}, "epsilon": {"f": 0.0}, "padding": {"s": "U0FNRQ=="}, "fused_ops": {"list": {"s": ["Qmlhc0FkZA=="]}}, "dilations": {"list": {"i": ["1", "1", "1", "1"]}}, "T": {"type": "DT_FLOAT"}}}, {"name": "StatefulPartitionedCall/sequential/mobilenetv2_1.00_224/block_11_expand_relu/Relu6", "op": "_FusedConv2D", "input": ["StatefulPartitionedCall/sequential/mobilenetv2_1.00_224/block_10_project_BN/FusedBatchNormV3", "StatefulPartitionedCall/sequential/mobilenetv2_1.00_224/block_11_expand/Conv2D_weights", "StatefulPartitionedCall/sequential/mobilenetv2_1.00_224/block_11_expand/Conv2D_bn_offset"], "device": "/device:CPU:0", "attr": {"dilations": {"list": {"i": ["1", "1", "1", "1"]}}, "T": {"type": "DT_FLOAT"}, "strides": {"list": {"i": ["1", "1", "1", "1"]}}, "data_format": {"s": "TkhXQw=="}, "explicit_paddings": {"list": {}}, "use_cudnn_on_gpu": {"b": true}, "num_args": {"i": "1"}, "epsilon": {"f": 0.0}, "padding": {"s": "U0FNRQ=="}, "fused_ops": {"list": {"s": ["Qmlhc0FkZA==", "UmVsdTY="]}}}}, {"name": "StatefulPartitionedCall/sequential/mobilenetv2_1.00_224/block_11_depthwise/depthwise", "op": "FusedDepthwiseConv2dNative", "input": ["StatefulPartitionedCall/sequential/mobilenetv2_1.00_224/block_11_expand_relu/Relu6", "StatefulPartitionedCall/sequential/mobilenetv2_1.00_224/block_11_depthwise/depthwise_weights", "StatefulPartitionedCall/sequential/mobilenetv2_1.00_224/block_11_depthwise/depthwise_bn_offset"], "attr": {"data_format": {"s": "TkhXQw=="}, "strides": {"list": {"i": ["1", "1", "1", "1"]}}, "explicit_paddings": {"list": {}}, "num_args": {"i": "1"}, "padding": {"s": "U0FNRQ=="}, "fused_ops": {"list": {"s": ["Qmlhc0FkZA==", "UmVsdTY="]}}, "dilations": {"list": {"i": ["1", "1", "1", "1"]}}, "T": {"type": "DT_FLOAT"}}}, {"name": "StatefulPartitionedCall/sequential/mobilenetv2_1.00_224/block_11_project_BN/FusedBatchNormV3", "op": "_FusedConv2D", "input": ["StatefulPartitionedCall/sequential/mobilenetv2_1.00_224/block_11_depthwise/depthwise", "StatefulPartitionedCall/sequential/mobilenetv2_1.00_224/block_11_project/Conv2D_weights", "StatefulPartitionedCall/sequential/mobilenetv2_1.00_224/block_11_project/Conv2D_bn_offset"], "device": "/device:CPU:0", "attr": {"dilations": {"list": {"i": ["1", "1", "1", "1"]}}, "T": {"type": "DT_FLOAT"}, "data_format": {"s": "TkhXQw=="}, "strides": {"list": {"i": ["1", "1", "1", "1"]}}, "explicit_paddings": {"list": {}}, "use_cudnn_on_gpu": {"b": true}, "num_args": {"i": "1"}, "epsilon": {"f": 0.0}, "padding": {"s": "U0FNRQ=="}, "fused_ops": {"list": {"s": ["Qmlhc0FkZA=="]}}}}, {"name": "StatefulPartitionedCall/sequential/mobilenetv2_1.00_224/block_11_add/add", "op": "AddV2", "input": ["StatefulPartitionedCall/sequential/mobilenetv2_1.00_224/block_10_project_BN/FusedBatchNormV3", "StatefulPartitionedCall/sequential/mobilenetv2_1.00_224/block_11_project_BN/FusedBatchNormV3"], "attr": {"T": {"type": "DT_FLOAT"}}}, {"name": "StatefulPartitionedCall/sequential/mobilenetv2_1.00_224/block_12_expand_relu/Relu6", "op": "_FusedConv2D", "input": ["StatefulPartitionedCall/sequential/mobilenetv2_1.00_224/block_11_add/add", "StatefulPartitionedCall/sequential/mobilenetv2_1.00_224/block_12_expand/Conv2D_weights", "StatefulPartitionedCall/sequential/mobilenetv2_1.00_224/block_12_expand/Conv2D_bn_offset"], "device": "/device:CPU:0", "attr": {"dilations": {"list": {"i": ["1", "1", "1", "1"]}}, "T": {"type": "DT_FLOAT"}, "strides": {"list": {"i": ["1", "1", "1", "1"]}}, "data_format": {"s": "TkhXQw=="}, "explicit_paddings": {"list": {}}, "use_cudnn_on_gpu": {"b": true}, "num_args": {"i": "1"}, "epsilon": {"f": 0.0}, "padding": {"s": "U0FNRQ=="}, "fused_ops": {"list": {"s": ["Qmlhc0FkZA==", "UmVsdTY="]}}}}, {"name": "StatefulPartitionedCall/sequential/mobilenetv2_1.00_224/block_12_depthwise/depthwise", "op": "FusedDepthwiseConv2dNative", "input": ["StatefulPartitionedCall/sequential/mobilenetv2_1.00_224/block_12_expand_relu/Relu6", "StatefulPartitionedCall/sequential/mobilenetv2_1.00_224/block_12_depthwise/depthwise_weights", "StatefulPartitionedCall/sequential/mobilenetv2_1.00_224/block_12_depthwise/depthwise_bn_offset"], "attr": {"strides": {"list": {"i": ["1", "1", "1", "1"]}}, "data_format": {"s": "TkhXQw=="}, "explicit_paddings": {"list": {}}, "num_args": {"i": "1"}, "padding": {"s": "U0FNRQ=="}, "fused_ops": {"list": {"s": ["Qmlhc0FkZA==", "UmVsdTY="]}}, "dilations": {"list": {"i": ["1", "1", "1", "1"]}}, "T": {"type": "DT_FLOAT"}}}, {"name": "StatefulPartitionedCall/sequential/mobilenetv2_1.00_224/block_12_project_BN/FusedBatchNormV3", "op": "_FusedConv2D", "input": ["StatefulPartitionedCall/sequential/mobilenetv2_1.00_224/block_12_depthwise/depthwise", "StatefulPartitionedCall/sequential/mobilenetv2_1.00_224/block_12_project/Conv2D_weights", "StatefulPartitionedCall/sequential/mobilenetv2_1.00_224/block_12_project/Conv2D_bn_offset"], "device": "/device:CPU:0", "attr": {"strides": {"list": {"i": ["1", "1", "1", "1"]}}, "data_format": {"s": "TkhXQw=="}, "use_cudnn_on_gpu": {"b": true}, "explicit_paddings": {"list": {}}, "num_args": {"i": "1"}, "epsilon": {"f": 0.0}, "padding": {"s": "U0FNRQ=="}, "fused_ops": {"list": {"s": ["Qmlhc0FkZA=="]}}, "dilations": {"list": {"i": ["1", "1", "1", "1"]}}, "T": {"type": "DT_FLOAT"}}}, {"name": "StatefulPartitionedCall/sequential/mobilenetv2_1.00_224/block_12_add/add", "op": "AddV2", "input": ["StatefulPartitionedCall/sequential/mobilenetv2_1.00_224/block_11_add/add", "StatefulPartitionedCall/sequential/mobilenetv2_1.00_224/block_12_project_BN/FusedBatchNormV3"], "attr": {"T": {"type": "DT_FLOAT"}}}, {"name": "StatefulPartitionedCall/sequential/mobilenetv2_1.00_224/block_13_expand_relu/Relu6", "op": "_FusedConv2D", "input": ["StatefulPartitionedCall/sequential/mobilenetv2_1.00_224/block_12_add/add", "StatefulPartitionedCall/sequential/mobilenetv2_1.00_224/block_13_expand/Conv2D_weights", "StatefulPartitionedCall/sequential/mobilenetv2_1.00_224/block_13_expand/Conv2D_bn_offset"], "device": "/device:CPU:0", "attr": {"epsilon": {"f": 0.0}, "padding": {"s": "U0FNRQ=="}, "fused_ops": {"list": {"s": ["Qmlhc0FkZA==", "UmVsdTY="]}}, "dilations": {"list": {"i": ["1", "1", "1", "1"]}}, "T": {"type": "DT_FLOAT"}, "data_format": {"s": "TkhXQw=="}, "strides": {"list": {"i": ["1", "1", "1", "1"]}}, "use_cudnn_on_gpu": {"b": true}, "explicit_paddings": {"list": {}}, "num_args": {"i": "1"}}}, {"name": "StatefulPartitionedCall/sequential/mobilenetv2_1.00_224/block_13_pad/Pad", "op": "Pad", "input": ["StatefulPartitionedCall/sequential/mobilenetv2_1.00_224/block_13_expand_relu/Relu6", "StatefulPartitionedCall/sequential/mobilenetv2_1.00_224/block_13_pad/Pad/paddings"], "attr": {"T": {"type": "DT_FLOAT"}, "Tpaddings": {"type": "DT_INT32"}}}, {"name": "StatefulPartitionedCall/sequential/mobilenetv2_1.00_224/block_13_depthwise/depthwise", "op": "FusedDepthwiseConv2dNative", "input": ["StatefulPartitionedCall/sequential/mobilenetv2_1.00_224/block_13_pad/Pad", "StatefulPartitionedCall/sequential/mobilenetv2_1.00_224/block_13_depthwise/depthwise_weights", "StatefulPartitionedCall/sequential/mobilenetv2_1.00_224/block_13_depthwise/depthwise_bn_offset"], "attr": {"dilations": {"list": {"i": ["1", "1", "1", "1"]}}, "T": {"type": "DT_FLOAT"}, "strides": {"list": {"i": ["1", "2", "2", "1"]}}, "data_format": {"s": "TkhXQw=="}, "explicit_paddings": {"list": {}}, "num_args": {"i": "1"}, "padding": {"s": "VkFMSUQ="}, "fused_ops": {"list": {"s": ["Qmlhc0FkZA==", "UmVsdTY="]}}}}, {"name": "StatefulPartitionedCall/sequential/mobilenetv2_1.00_224/block_13_project_BN/FusedBatchNormV3", "op": "_FusedConv2D", "input": ["StatefulPartitionedCall/sequential/mobilenetv2_1.00_224/block_13_depthwise/depthwise", "StatefulPartitionedCall/sequential/mobilenetv2_1.00_224/block_13_project/Conv2D_weights", "StatefulPartitionedCall/sequential/mobilenetv2_1.00_224/block_13_project/Conv2D_bn_offset"], "device": "/device:CPU:0", "attr": {"dilations": {"list": {"i": ["1", "1", "1", "1"]}}, "T": {"type": "DT_FLOAT"}, "data_format": {"s": "TkhXQw=="}, "strides": {"list": {"i": ["1", "1", "1", "1"]}}, "use_cudnn_on_gpu": {"b": true}, "explicit_paddings": {"list": {}}, "num_args": {"i": "1"}, "epsilon": {"f": 0.0}, "padding": {"s": "U0FNRQ=="}, "fused_ops": {"list": {"s": ["Qmlhc0FkZA=="]}}}}, {"name": "StatefulPartitionedCall/sequential/mobilenetv2_1.00_224/block_14_expand_relu/Relu6", "op": "_FusedConv2D", "input": ["StatefulPartitionedCall/sequential/mobilenetv2_1.00_224/block_13_project_BN/FusedBatchNormV3", "StatefulPartitionedCall/sequential/mobilenetv2_1.00_224/block_14_expand/Conv2D_weights", "StatefulPartitionedCall/sequential/mobilenetv2_1.00_224/block_14_expand/Conv2D_bn_offset"], "device": "/device:CPU:0", "attr": {"dilations": {"list": {"i": ["1", "1", "1", "1"]}}, "T": {"type": "DT_FLOAT"}, "data_format": {"s": "TkhXQw=="}, "strides": {"list": {"i": ["1", "1", "1", "1"]}}, "use_cudnn_on_gpu": {"b": true}, "explicit_paddings": {"list": {}}, "num_args": {"i": "1"}, "epsilon": {"f": 0.0}, "padding": {"s": "U0FNRQ=="}, "fused_ops": {"list": {"s": ["Qmlhc0FkZA==", "UmVsdTY="]}}}}, {"name": "StatefulPartitionedCall/sequential/mobilenetv2_1.00_224/block_14_depthwise/depthwise", "op": "FusedDepthwiseConv2dNative", "input": ["StatefulPartitionedCall/sequential/mobilenetv2_1.00_224/block_14_expand_relu/Relu6", "StatefulPartitionedCall/sequential/mobilenetv2_1.00_224/block_14_depthwise/depthwise_weights", "StatefulPartitionedCall/sequential/mobilenetv2_1.00_224/block_14_depthwise/depthwise_bn_offset"], "attr": {"num_args": {"i": "1"}, "padding": {"s": "U0FNRQ=="}, "fused_ops": {"list": {"s": ["Qmlhc0FkZA==", "UmVsdTY="]}}, "dilations": {"list": {"i": ["1", "1", "1", "1"]}}, "T": {"type": "DT_FLOAT"}, "data_format": {"s": "TkhXQw=="}, "strides": {"list": {"i": ["1", "1", "1", "1"]}}, "explicit_paddings": {"list": {}}}}, {"name": "StatefulPartitionedCall/sequential/mobilenetv2_1.00_224/block_14_project_BN/FusedBatchNormV3", "op": "_FusedConv2D", "input": ["StatefulPartitionedCall/sequential/mobilenetv2_1.00_224/block_14_depthwise/depthwise", "StatefulPartitionedCall/sequential/mobilenetv2_1.00_224/block_14_project/Conv2D_weights", "StatefulPartitionedCall/sequential/mobilenetv2_1.00_224/block_14_project/Conv2D_bn_offset"], "device": "/device:CPU:0", "attr": {"epsilon": {"f": 0.0}, "padding": {"s": "U0FNRQ=="}, "fused_ops": {"list": {"s": ["Qmlhc0FkZA=="]}}, "dilations": {"list": {"i": ["1", "1", "1", "1"]}}, "T": {"type": "DT_FLOAT"}, "data_format": {"s": "TkhXQw=="}, "strides": {"list": {"i": ["1", "1", "1", "1"]}}, "explicit_paddings": {"list": {}}, "use_cudnn_on_gpu": {"b": true}, "num_args": {"i": "1"}}}, {"name": "StatefulPartitionedCall/sequential/mobilenetv2_1.00_224/block_14_add/add", "op": "AddV2", "input": ["StatefulPartitionedCall/sequential/mobilenetv2_1.00_224/block_13_project_BN/FusedBatchNormV3", "StatefulPartitionedCall/sequential/mobilenetv2_1.00_224/block_14_project_BN/FusedBatchNormV3"], "attr": {"T": {"type": "DT_FLOAT"}}}, {"name": "StatefulPartitionedCall/sequential/mobilenetv2_1.00_224/block_15_expand_relu/Relu6", "op": "_FusedConv2D", "input": ["StatefulPartitionedCall/sequential/mobilenetv2_1.00_224/block_14_add/add", "StatefulPartitionedCall/sequential/mobilenetv2_1.00_224/block_15_expand/Conv2D_weights", "StatefulPartitionedCall/sequential/mobilenetv2_1.00_224/block_15_expand/Conv2D_bn_offset"], "device": "/device:CPU:0", "attr": {"dilations": {"list": {"i": ["1", "1", "1", "1"]}}, "T": {"type": "DT_FLOAT"}, "data_format": {"s": "TkhXQw=="}, "strides": {"list": {"i": ["1", "1", "1", "1"]}}, "use_cudnn_on_gpu": {"b": true}, "explicit_paddings": {"list": {}}, "num_args": {"i": "1"}, "epsilon": {"f": 0.0}, "padding": {"s": "U0FNRQ=="}, "fused_ops": {"list": {"s": ["Qmlhc0FkZA==", "UmVsdTY="]}}}}, {"name": "StatefulPartitionedCall/sequential/mobilenetv2_1.00_224/block_15_depthwise/depthwise", "op": "FusedDepthwiseConv2dNative", "input": ["StatefulPartitionedCall/sequential/mobilenetv2_1.00_224/block_15_expand_relu/Relu6", "StatefulPartitionedCall/sequential/mobilenetv2_1.00_224/block_15_depthwise/depthwise_weights", "StatefulPartitionedCall/sequential/mobilenetv2_1.00_224/block_15_depthwise/depthwise_bn_offset"], "attr": {"dilations": {"list": {"i": ["1", "1", "1", "1"]}}, "T": {"type": "DT_FLOAT"}, "data_format": {"s": "TkhXQw=="}, "strides": {"list": {"i": ["1", "1", "1", "1"]}}, "explicit_paddings": {"list": {}}, "num_args": {"i": "1"}, "padding": {"s": "U0FNRQ=="}, "fused_ops": {"list": {"s": ["Qmlhc0FkZA==", "UmVsdTY="]}}}}, {"name": "StatefulPartitionedCall/sequential/mobilenetv2_1.00_224/block_15_project_BN/FusedBatchNormV3", "op": "_FusedConv2D", "input": ["StatefulPartitionedCall/sequential/mobilenetv2_1.00_224/block_15_depthwise/depthwise", "StatefulPartitionedCall/sequential/mobilenetv2_1.00_224/block_15_project/Conv2D_weights", "StatefulPartitionedCall/sequential/mobilenetv2_1.00_224/block_15_project/Conv2D_bn_offset"], "device": "/device:CPU:0", "attr": {"dilations": {"list": {"i": ["1", "1", "1", "1"]}}, "T": {"type": "DT_FLOAT"}, "strides": {"list": {"i": ["1", "1", "1", "1"]}}, "data_format": {"s": "TkhXQw=="}, "use_cudnn_on_gpu": {"b": true}, "explicit_paddings": {"list": {}}, "num_args": {"i": "1"}, "epsilon": {"f": 0.0}, "padding": {"s": "U0FNRQ=="}, "fused_ops": {"list": {"s": ["Qmlhc0FkZA=="]}}}}, {"name": "StatefulPartitionedCall/sequential/mobilenetv2_1.00_224/block_15_add/add", "op": "AddV2", "input": ["StatefulPartitionedCall/sequential/mobilenetv2_1.00_224/block_14_add/add", "StatefulPartitionedCall/sequential/mobilenetv2_1.00_224/block_15_project_BN/FusedBatchNormV3"], "attr": {"T": {"type": "DT_FLOAT"}}}, {"name": "StatefulPartitionedCall/sequential/mobilenetv2_1.00_224/block_16_expand_relu/Relu6", "op": "_FusedConv2D", "input": ["StatefulPartitionedCall/sequential/mobilenetv2_1.00_224/block_15_add/add", "StatefulPartitionedCall/sequential/mobilenetv2_1.00_224/block_16_expand/Conv2D_weights", "StatefulPartitionedCall/sequential/mobilenetv2_1.00_224/block_16_expand/Conv2D_bn_offset"], "device": "/device:CPU:0", "attr": {"data_format": {"s": "TkhXQw=="}, "strides": {"list": {"i": ["1", "1", "1", "1"]}}, "use_cudnn_on_gpu": {"b": true}, "explicit_paddings": {"list": {}}, "num_args": {"i": "1"}, "epsilon": {"f": 0.0}, "padding": {"s": "U0FNRQ=="}, "fused_ops": {"list": {"s": ["Qmlhc0FkZA==", "UmVsdTY="]}}, "dilations": {"list": {"i": ["1", "1", "1", "1"]}}, "T": {"type": "DT_FLOAT"}}}, {"name": "StatefulPartitionedCall/sequential/mobilenetv2_1.00_224/block_16_depthwise/depthwise", "op": "FusedDepthwiseConv2dNative", "input": ["StatefulPartitionedCall/sequential/mobilenetv2_1.00_224/block_16_expand_relu/Relu6", "StatefulPartitionedCall/sequential/mobilenetv2_1.00_224/block_16_depthwise/depthwise_weights", "StatefulPartitionedCall/sequential/mobilenetv2_1.00_224/block_16_depthwise/depthwise_bn_offset"], "attr": {"dilations": {"list": {"i": ["1", "1", "1", "1"]}}, "T": {"type": "DT_FLOAT"}, "strides": {"list": {"i": ["1", "1", "1", "1"]}}, "data_format": {"s": "TkhXQw=="}, "explicit_paddings": {"list": {}}, "num_args": {"i": "1"}, "padding": {"s": "U0FNRQ=="}, "fused_ops": {"list": {"s": ["Qmlhc0FkZA==", "UmVsdTY="]}}}}, {"name": "StatefulPartitionedCall/sequential/mobilenetv2_1.00_224/block_16_project_BN/FusedBatchNormV3", "op": "_FusedConv2D", "input": ["StatefulPartitionedCall/sequential/mobilenetv2_1.00_224/block_16_depthwise/depthwise", "StatefulPartitionedCall/sequential/mobilenetv2_1.00_224/block_16_project/Conv2D_weights", "StatefulPartitionedCall/sequential/mobilenetv2_1.00_224/block_16_project/Conv2D_bn_offset"], "device": "/device:CPU:0", "attr": {"use_cudnn_on_gpu": {"b": true}, "explicit_paddings": {"list": {}}, "num_args": {"i": "1"}, "epsilon": {"f": 0.0}, "padding": {"s": "U0FNRQ=="}, "fused_ops": {"list": {"s": ["Qmlhc0FkZA=="]}}, "dilations": {"list": {"i": ["1", "1", "1", "1"]}}, "T": {"type": "DT_FLOAT"}, "strides": {"list": {"i": ["1", "1", "1", "1"]}}, "data_format": {"s": "TkhXQw=="}}}, {"name": "StatefulPartitionedCall/sequential/mobilenetv2_1.00_224/out_relu/Relu6", "op": "_FusedConv2D", "input": ["StatefulPartitionedCall/sequential/mobilenetv2_1.00_224/block_16_project_BN/FusedBatchNormV3", "StatefulPartitionedCall/sequential/mobilenetv2_1.00_224/Conv_1/Conv2D_weights", "StatefulPartitionedCall/sequential/mobilenetv2_1.00_224/Conv_1/Conv2D_bn_offset"], "device": "/device:CPU:0", "attr": {"num_args": {"i": "1"}, "epsilon": {"f": 0.0}, "padding": {"s": "VkFMSUQ="}, "fused_ops": {"list": {"s": ["Qmlhc0FkZA==", "UmVsdTY="]}}, "dilations": {"list": {"i": ["1", "1", "1", "1"]}}, "T": {"type": "DT_FLOAT"}, "data_format": {"s": "TkhXQw=="}, "strides": {"list": {"i": ["1", "1", "1", "1"]}}, "use_cudnn_on_gpu": {"b": true}, "explicit_paddings": {"list": {}}}}, {"name": "StatefulPartitionedCall/sequential/conv2d/Relu", "op": "_FusedConv2D", "input": ["StatefulPartitionedCall/sequential/mobilenetv2_1.00_224/out_relu/Relu6", "unknown_259", "unknown_260"], "device": "/device:CPU:0", "attr": {"epsilon": {"f": 0.0}, "padding": {"s": "VkFMSUQ="}, "fused_ops": {"list": {"s": ["Qmlhc0FkZA==", "UmVsdQ=="]}}, "dilations": {"list": {"i": ["1", "1", "1", "1"]}}, "T": {"type": "DT_FLOAT"}, "data_format": {"s": "TkhXQw=="}, "strides": {"list": {"i": ["1", "1", "1", "1"]}}, "explicit_paddings": {"list": {}}, "use_cudnn_on_gpu": {"b": true}, "num_args": {"i": "1"}}}, {"name": "StatefulPartitionedCall/sequential/global_average_pooling2d/Mean", "op": "Mean", "input": ["StatefulPartitionedCall/sequential/conv2d/Relu", "StatefulPartitionedCall/sequential/global_average_pooling2d/Mean/reduction_indices"], "attr": {"Tidx": {"type": "DT_INT32"}, "keep_dims": {"b": false}, "T": {"type": "DT_FLOAT"}}}, {"name": "StatefulPartitionedCall/sequential/dense/BiasAdd", "op": "_FusedMatMul", "input": ["StatefulPartitionedCall/sequential/global_average_pooling2d/Mean", "unknown_261", "unknown_262"], "device": "/device:CPU:0", "attr": {"transpose_a": {"b": false}, "transpose_b": {"b": false}, "T": {"type": "DT_FLOAT"}, "num_args": {"i": "1"}, "epsilon": {"f": 0.0}, "fused_ops": {"list": {"s": ["Qmlhc0FkZA=="]}}}}, {"name": "StatefulPartitionedCall/sequential/dense/Softmax", "op": "Softmax", "input": ["StatefulPartitionedCall/sequential/dense/BiasAdd"], "attr": {"T": {"type": "DT_FLOAT"}}}, {"name": "Identity", "op": "Identity", "input": ["StatefulPartitionedCall/sequential/dense/Softmax"], "attr": {"T": {"type": "DT_FLOAT"}}}], "library": {}, "versions": {"producer": 440}}, "weightsManifest": [{"paths": ["group1-shard1of1.bin"], "weights": [{"name": "StatefulPartitionedCall/sequential/mobilenetv2_1.00_224/Conv1_pad/Pad/paddings", "shape": [4, 2], "dtype": "int32"}, {"name": "StatefulPartitionedCall/sequential/mobilenetv2_1.00_224/block_1_pad/Pad/paddings", "shape": [4, 2], "dtype": "int32"}, {"name": "StatefulPartitionedCall/sequential/mobilenetv2_1.00_224/block_3_pad/Pad/paddings", "shape": [4, 2], "dtype": "int32"}, {"name": "StatefulPartitionedCall/sequential/mobilenetv2_1.00_224/block_6_pad/Pad/paddings", "shape": [4, 2], "dtype": "int32"}, {"name": "StatefulPartitionedCall/sequential/mobilenetv2_1.00_224/block_13_pad/Pad/paddings", "shape": [4, 2], "dtype": "int32"}, {"name": "unknown_259", "shape": [3, 3, 1280, 32], "dtype": "float32"}, {"name": "unknown_260", "shape": [32], "dtype": "float32"}, {"name": "StatefulPartitionedCall/sequential/global_average_pooling2d/Mean/reduction_indices", "shape": [2], "dtype": "int32"}, {"name": "unknown_261", "shape": [32, 5], "dtype": "float32"}, {"name": "unknown_262", "shape": [5], "dtype": "float32"}, {"name": "StatefulPartitionedCall/sequential/mobilenetv2_1.00_224/Conv1/Conv2D_weights", "shape": [3, 3, 3, 32], "dtype": "float32"}, {"name": "StatefulPartitionedCall/sequential/mobilenetv2_1.00_224/Conv1/Conv2D_bn_offset", "shape": [32], "dtype": "float32"}, {"name": "StatefulPartitionedCall/sequential/mobilenetv2_1.00_224/block_14_expand/Conv2D_bn_offset", "shape": [960], "dtype": "float32"}, {"name": "StatefulPartitionedCall/sequential/mobilenetv2_1.00_224/expanded_conv_depthwise/depthwise_weights", "shape": [3, 3, 32, 1], "dtype": "float32"}, {"name": "StatefulPartitionedCall/sequential/mobilenetv2_1.00_224/expanded_conv_depthwise/depthwise_bn_offset", "shape": [32], "dtype": "float32"}, {"name": "StatefulPartitionedCall/sequential/mobilenetv2_1.00_224/expanded_conv_project/Conv2D_weights", "shape": [1, 1, 32, 16], "dtype": "float32"}, {"name": "StatefulPartitionedCall/sequential/mobilenetv2_1.00_224/Conv_1/Conv2D_weights", "shape": [1, 1, 320, 1280], "dtype": "float32"}, {"name": "StatefulPartitionedCall/sequential/mobilenetv2_1.00_224/expanded_conv_project/Conv2D_bn_offset", "shape": [16], "dtype": "float32"}, {"name": "StatefulPartitionedCall/sequential/mobilenetv2_1.00_224/block_1_expand/Conv2D_weights", "shape": [1, 1, 16, 96], "dtype": "float32"}, {"name": "StatefulPartitionedCall/sequential/mobilenetv2_1.00_224/block_1_expand/Conv2D_bn_offset", "shape": [96], "dtype": "float32"}, {"name": "StatefulPartitionedCall/sequential/mobilenetv2_1.00_224/block_14_depthwise/depthwise_weights", "shape": [3, 3, 960, 1], "dtype": "float32"}, {"name": "StatefulPartitionedCall/sequential/mobilenetv2_1.00_224/block_1_depthwise/depthwise_weights", "shape": [3, 3, 96, 1], "dtype": "float32"}, {"name": "StatefulPartitionedCall/sequential/mobilenetv2_1.00_224/block_1_depthwise/depthwise_bn_offset", "shape": [96], "dtype": "float32"}, {"name": "StatefulPartitionedCall/sequential/mobilenetv2_1.00_224/block_1_project/Conv2D_weights", "shape": [1, 1, 96, 24], "dtype": "float32"}, {"name": "StatefulPartitionedCall/sequential/mobilenetv2_1.00_224/block_1_project/Conv2D_bn_offset", "shape": [24], "dtype": "float32"}, {"name": "StatefulPartitionedCall/sequential/mobilenetv2_1.00_224/block_2_expand/Conv2D_weights", "shape": [1, 1, 24, 144], "dtype": "float32"}, {"name": "StatefulPartitionedCall/sequential/mobilenetv2_1.00_224/block_14_depthwise/depthwise_bn_offset", "shape": [960], "dtype": "float32"}, {"name": "StatefulPartitionedCall/sequential/mobilenetv2_1.00_224/block_2_expand/Conv2D_bn_offset", "shape": [144], "dtype": "float32"}, {"name": "StatefulPartitionedCall/sequential/mobilenetv2_1.00_224/block_2_depthwise/depthwise_weights", "shape": [3, 3, 144, 1], "dtype": "float32"}, {"name": "StatefulPartitionedCall/sequential/mobilenetv2_1.00_224/block_2_depthwise/depthwise_bn_offset", "shape": [144], "dtype": "float32"}, {"name": "StatefulPartitionedCall/sequential/mobilenetv2_1.00_224/block_2_project/Conv2D_weights", "shape": [1, 1, 144, 24], "dtype": "float32"}, {"name": "StatefulPartitionedCall/sequential/mobilenetv2_1.00_224/block_2_project/Conv2D_bn_offset", "shape": [24], "dtype": "float32"}, {"name": "StatefulPartitionedCall/sequential/mobilenetv2_1.00_224/block_3_expand/Conv2D_weights", "shape": [1, 1, 24, 144], "dtype": "float32"}, {"name": "StatefulPartitionedCall/sequential/mobilenetv2_1.00_224/block_14_project/Conv2D_weights", "shape": [1, 1, 960, 160], "dtype": "float32"}, {"name": "StatefulPartitionedCall/sequential/mobilenetv2_1.00_224/block_3_expand/Conv2D_bn_offset", "shape": [144], "dtype": "float32"}, {"name": "StatefulPartitionedCall/sequential/mobilenetv2_1.00_224/block_3_depthwise/depthwise_weights", "shape": [3, 3, 144, 1], "dtype": "float32"}, {"name": "StatefulPartitionedCall/sequential/mobilenetv2_1.00_224/block_3_depthwise/depthwise_bn_offset", "shape": [144], "dtype": "float32"}, {"name": "StatefulPartitionedCall/sequential/mobilenetv2_1.00_224/block_3_project/Conv2D_weights", "shape": [1, 1, 144, 32], "dtype": "float32"}, {"name": "StatefulPartitionedCall/sequential/mobilenetv2_1.00_224/block_14_project/Conv2D_bn_offset", "shape": [160], "dtype": "float32"}, {"name": "StatefulPartitionedCall/sequential/mobilenetv2_1.00_224/block_3_project/Conv2D_bn_offset", "shape": [32], "dtype": "float32"}, {"name": "StatefulPartitionedCall/sequential/mobilenetv2_1.00_224/block_4_expand/Conv2D_weights", "shape": [1, 1, 32, 192], "dtype": "float32"}, {"name": "StatefulPartitionedCall/sequential/mobilenetv2_1.00_224/block_4_expand/Conv2D_bn_offset", "shape": [192], "dtype": "float32"}, {"name": "StatefulPartitionedCall/sequential/mobilenetv2_1.00_224/block_4_depthwise/depthwise_weights", "shape": [3, 3, 192, 1], "dtype": "float32"}, {"name": "StatefulPartitionedCall/sequential/mobilenetv2_1.00_224/block_4_depthwise/depthwise_bn_offset", "shape": [192], "dtype": "float32"}, {"name": "StatefulPartitionedCall/sequential/mobilenetv2_1.00_224/block_4_project/Conv2D_weights", "shape": [1, 1, 192, 32], "dtype": "float32"}, {"name": "StatefulPartitionedCall/sequential/mobilenetv2_1.00_224/block_15_expand/Conv2D_weights", "shape": [1, 1, 160, 960], "dtype": "float32"}, {"name": "StatefulPartitionedCall/sequential/mobilenetv2_1.00_224/block_4_project/Conv2D_bn_offset", "shape": [32], "dtype": "float32"}, {"name": "StatefulPartitionedCall/sequential/mobilenetv2_1.00_224/block_5_expand/Conv2D_weights", "shape": [1, 1, 32, 192], "dtype": "float32"}, {"name": "StatefulPartitionedCall/sequential/mobilenetv2_1.00_224/Conv_1/Conv2D_bn_offset", "shape": [1280], "dtype": "float32"}, {"name": "StatefulPartitionedCall/sequential/mobilenetv2_1.00_224/block_5_expand/Conv2D_bn_offset", "shape": [192], "dtype": "float32"}, {"name": "StatefulPartitionedCall/sequential/mobilenetv2_1.00_224/block_15_expand/Conv2D_bn_offset", "shape": [960], "dtype": "float32"}, {"name": "StatefulPartitionedCall/sequential/mobilenetv2_1.00_224/block_5_depthwise/depthwise_weights", "shape": [3, 3, 192, 1], "dtype": "float32"}, {"name": "StatefulPartitionedCall/sequential/mobilenetv2_1.00_224/block_5_depthwise/depthwise_bn_offset", "shape": [192], "dtype": "float32"}, {"name": "StatefulPartitionedCall/sequential/mobilenetv2_1.00_224/block_5_project/Conv2D_weights", "shape": [1, 1, 192, 32], "dtype": "float32"}, {"name": "StatefulPartitionedCall/sequential/mobilenetv2_1.00_224/block_5_project/Conv2D_bn_offset", "shape": [32], "dtype": "float32"}, {"name": "StatefulPartitionedCall/sequential/mobilenetv2_1.00_224/block_6_expand/Conv2D_weights", "shape": [1, 1, 32, 192], "dtype": "float32"}, {"name": "StatefulPartitionedCall/sequential/mobilenetv2_1.00_224/block_6_expand/Conv2D_bn_offset", "shape": [192], "dtype": "float32"}, {"name": "StatefulPartitionedCall/sequential/mobilenetv2_1.00_224/block_15_depthwise/depthwise_weights", "shape": [3, 3, 960, 1], "dtype": "float32"}, {"name": "StatefulPartitionedCall/sequential/mobilenetv2_1.00_224/block_6_depthwise/depthwise_weights", "shape": [3, 3, 192, 1], "dtype": "float32"}, {"name": "StatefulPartitionedCall/sequential/mobilenetv2_1.00_224/block_6_depthwise/depthwise_bn_offset", "shape": [192], "dtype": "float32"}, {"name": "StatefulPartitionedCall/sequential/mobilenetv2_1.00_224/block_6_project/Conv2D_weights", "shape": [1, 1, 192, 64], "dtype": "float32"}, {"name": "StatefulPartitionedCall/sequential/mobilenetv2_1.00_224/block_6_project/Conv2D_bn_offset", "shape": [64], "dtype": "float32"}, {"name": "StatefulPartitionedCall/sequential/mobilenetv2_1.00_224/block_7_expand/Conv2D_weights", "shape": [1, 1, 64, 384], "dtype": "float32"}, {"name": "StatefulPartitionedCall/sequential/mobilenetv2_1.00_224/block_15_depthwise/depthwise_bn_offset", "shape": [960], "dtype": "float32"}, {"name": "StatefulPartitionedCall/sequential/mobilenetv2_1.00_224/block_7_expand/Conv2D_bn_offset", "shape": [384], "dtype": "float32"}, {"name": "StatefulPartitionedCall/sequential/mobilenetv2_1.00_224/block_7_depthwise/depthwise_weights", "shape": [3, 3, 384, 1], "dtype": "float32"}, {"name": "StatefulPartitionedCall/sequential/mobilenetv2_1.00_224/block_7_depthwise/depthwise_bn_offset", "shape": [384], "dtype": "float32"}, {"name": "StatefulPartitionedCall/sequential/mobilenetv2_1.00_224/block_7_project/Conv2D_weights", "shape": [1, 1, 384, 64], "dtype": "float32"}, {"name": "StatefulPartitionedCall/sequential/mobilenetv2_1.00_224/block_7_project/Conv2D_bn_offset", "shape": [64], "dtype": "float32"}, {"name": "StatefulPartitionedCall/sequential/mobilenetv2_1.00_224/block_8_expand/Conv2D_weights", "shape": [1, 1, 64, 384], "dtype": "float32"}, {"name": "StatefulPartitionedCall/sequential/mobilenetv2_1.00_224/block_15_project/Conv2D_weights", "shape": [1, 1, 960, 160], "dtype": "float32"}, {"name": "StatefulPartitionedCall/sequential/mobilenetv2_1.00_224/block_8_expand/Conv2D_bn_offset", "shape": [384], "dtype": "float32"}, {"name": "StatefulPartitionedCall/sequential/mobilenetv2_1.00_224/block_8_depthwise/depthwise_weights", "shape": [3, 3, 384, 1], "dtype": "float32"}, {"name": "StatefulPartitionedCall/sequential/mobilenetv2_1.00_224/block_8_depthwise/depthwise_bn_offset", "shape": [384], "dtype": "float32"}, {"name": "StatefulPartitionedCall/sequential/mobilenetv2_1.00_224/block_8_project/Conv2D_weights", "shape": [1, 1, 384, 64], "dtype": "float32"}, {"name": "StatefulPartitionedCall/sequential/mobilenetv2_1.00_224/block_15_project/Conv2D_bn_offset", "shape": [160], "dtype": "float32"}, {"name": "StatefulPartitionedCall/sequential/mobilenetv2_1.00_224/block_8_project/Conv2D_bn_offset", "shape": [64], "dtype": "float32"}, {"name": "StatefulPartitionedCall/sequential/mobilenetv2_1.00_224/block_9_expand/Conv2D_weights", "shape": [1, 1, 64, 384], "dtype": "float32"}, {"name": "StatefulPartitionedCall/sequential/mobilenetv2_1.00_224/block_9_expand/Conv2D_bn_offset", "shape": [384], "dtype": "float32"}, {"name": "StatefulPartitionedCall/sequential/mobilenetv2_1.00_224/block_9_depthwise/depthwise_weights", "shape": [3, 3, 384, 1], "dtype": "float32"}, {"name": "StatefulPartitionedCall/sequential/mobilenetv2_1.00_224/block_9_depthwise/depthwise_bn_offset", "shape": [384], "dtype": "float32"}, {"name": "StatefulPartitionedCall/sequential/mobilenetv2_1.00_224/block_9_project/Conv2D_weights", "shape": [1, 1, 384, 64], "dtype": "float32"}, {"name": "StatefulPartitionedCall/sequential/mobilenetv2_1.00_224/block_16_expand/Conv2D_weights", "shape": [1, 1, 160, 960], "dtype": "float32"}, {"name": "StatefulPartitionedCall/sequential/mobilenetv2_1.00_224/block_9_project/Conv2D_bn_offset", "shape": [64], "dtype": "float32"}, {"name": "StatefulPartitionedCall/sequential/mobilenetv2_1.00_224/block_10_expand/Conv2D_weights", "shape": [1, 1, 64, 384], "dtype": "float32"}, {"name": "StatefulPartitionedCall/sequential/mobilenetv2_1.00_224/block_10_expand/Conv2D_bn_offset", "shape": [384], "dtype": "float32"}, {"name": "StatefulPartitionedCall/sequential/mobilenetv2_1.00_224/block_16_expand/Conv2D_bn_offset", "shape": [960], "dtype": "float32"}, {"name": "StatefulPartitionedCall/sequential/mobilenetv2_1.00_224/block_10_depthwise/depthwise_weights", "shape": [3, 3, 384, 1], "dtype": "float32"}, {"name": "StatefulPartitionedCall/sequential/mobilenetv2_1.00_224/block_10_depthwise/depthwise_bn_offset", "shape": [384], "dtype": "float32"}, {"name": "StatefulPartitionedCall/sequential/mobilenetv2_1.00_224/block_10_project/Conv2D_weights", "shape": [1, 1, 384, 96], "dtype": "float32"}, {"name": "StatefulPartitionedCall/sequential/mobilenetv2_1.00_224/block_10_project/Conv2D_bn_offset", "shape": [96], "dtype": "float32"}, {"name": "StatefulPartitionedCall/sequential/mobilenetv2_1.00_224/block_11_expand/Conv2D_weights", "shape": [1, 1, 96, 576], "dtype": "float32"}, {"name": "StatefulPartitionedCall/sequential/mobilenetv2_1.00_224/block_11_expand/Conv2D_bn_offset", "shape": [576], "dtype": "float32"}, {"name": "StatefulPartitionedCall/sequential/mobilenetv2_1.00_224/block_16_depthwise/depthwise_weights", "shape": [3, 3, 960, 1], "dtype": "float32"}, {"name": "StatefulPartitionedCall/sequential/mobilenetv2_1.00_224/block_11_depthwise/depthwise_weights", "shape": [3, 3, 576, 1], "dtype": "float32"}, {"name": "StatefulPartitionedCall/sequential/mobilenetv2_1.00_224/block_11_depthwise/depthwise_bn_offset", "shape": [576], "dtype": "float32"}, {"name": "StatefulPartitionedCall/sequential/mobilenetv2_1.00_224/block_11_project/Conv2D_weights", "shape": [1, 1, 576, 96], "dtype": "float32"}, {"name": "StatefulPartitionedCall/sequential/mobilenetv2_1.00_224/block_11_project/Conv2D_bn_offset", "shape": [96], "dtype": "float32"}, {"name": "StatefulPartitionedCall/sequential/mobilenetv2_1.00_224/block_12_expand/Conv2D_weights", "shape": [1, 1, 96, 576], "dtype": "float32"}, {"name": "StatefulPartitionedCall/sequential/mobilenetv2_1.00_224/block_16_depthwise/depthwise_bn_offset", "shape": [960], "dtype": "float32"}, {"name": "StatefulPartitionedCall/sequential/mobilenetv2_1.00_224/block_12_expand/Conv2D_bn_offset", "shape": [576], "dtype": "float32"}, {"name": "StatefulPartitionedCall/sequential/mobilenetv2_1.00_224/block_12_depthwise/depthwise_weights", "shape": [3, 3, 576, 1], "dtype": "float32"}, {"name": "StatefulPartitionedCall/sequential/mobilenetv2_1.00_224/block_12_depthwise/depthwise_bn_offset", "shape": [576], "dtype": "float32"}, {"name": "StatefulPartitionedCall/sequential/mobilenetv2_1.00_224/block_12_project/Conv2D_weights", "shape": [1, 1, 576, 96], "dtype": "float32"}, {"name": "StatefulPartitionedCall/sequential/mobilenetv2_1.00_224/block_12_project/Conv2D_bn_offset", "shape": [96], "dtype": "float32"}, {"name": "StatefulPartitionedCall/sequential/mobilenetv2_1.00_224/block_13_expand/Conv2D_weights", "shape": [1, 1, 96, 576], "dtype": "float32"}, {"name": "StatefulPartitionedCall/sequential/mobilenetv2_1.00_224/block_16_project/Conv2D_weights", "shape": [1, 1, 960, 320], "dtype": "float32"}, {"name": "StatefulPartitionedCall/sequential/mobilenetv2_1.00_224/block_13_expand/Conv2D_bn_offset", "shape": [576], "dtype": "float32"}, {"name": "StatefulPartitionedCall/sequential/mobilenetv2_1.00_224/block_13_depthwise/depthwise_weights", "shape": [3, 3, 576, 1], "dtype": "float32"}, {"name": "StatefulPartitionedCall/sequential/mobilenetv2_1.00_224/block_13_depthwise/depthwise_bn_offset", "shape": [576], "dtype": "float32"}, {"name": "StatefulPartitionedCall/sequential/mobilenetv2_1.00_224/block_13_project/Conv2D_weights", "shape": [1, 1, 576, 160], "dtype": "float32"}, {"name": "StatefulPartitionedCall/sequential/mobilenetv2_1.00_224/block_16_project/Conv2D_bn_offset", "shape": [320], "dtype": "float32"}, {"name": "StatefulPartitionedCall/sequential/mobilenetv2_1.00_224/block_13_project/Conv2D_bn_offset", "shape": [160], "dtype": "float32"}, {"name": "StatefulPartitionedCall/sequential/mobilenetv2_1.00_224/block_14_expand/Conv2D_weights", "shape": [1, 1, 160, 960], "dtype": "float32"}]}]}